  Identification des projets à restaurer...
  Restauration effectuée de C:\CHECKSEC\src\CHECKSEC.Core\CHECKSEC.Core.csproj (en 697 ms).
  Restauration effectuée de C:\CHECKSEC\src\CHECKSEC\CHECKSEC.csproj (en 704 ms).
C:\CHECKSEC\src\CHECKSEC.Core\CHECKSEC\Core\Services\Collectors\ScheduledTaskAclCollector.cs(399,111): warning CS8625: Impossible de convertir un littéral ayant une valeur null en type référence non-nullable. [C:\CHECKSEC\src\CHECKSEC.Core\CHECKSEC.Core.csproj]
C:\CHECKSEC\src\CHECKSEC.Core\CHECKSEC\Core\Services\Collectors\FileSystemAclCollector.cs(408,111): warning CS8625: Impossible de convertir un littéral ayant une valeur null en type référence non-nullable. [C:\CHECKSEC\src\CHECKSEC.Core\CHECKSEC.Core.csproj]
C:\CHECKSEC\src\CHECKSEC.Core\CHECKSEC\Core\Services\Helpers\ProcessHelper.cs(15,28): warning CS8600: Conversion de littéral ayant une valeur null ou d'une éventuelle valeur null en type non-nullable. [C:\CHECKSEC\src\CHECKSEC.Core\CHECKSEC.Core.csproj]
C:\CHECKSEC\src\CHECKSEC.Core\CHECKSEC\Core\Services\Analysis\ReportGenerator.cs(251,26): warning CS8600: Conversion de littéral ayant une valeur null ou d'une éventuelle valeur null en type non-nullable. [C:\CHECKSEC\src\CHECKSEC.Core\CHECKSEC.Core.csproj]
C:\CHECKSEC\src\CHECKSEC.Core\CHECKSEC\Core\Services\Collectors\AdvancedPersistenceCollector.cs(89,34): warning CS8600: Conversion de littéral ayant une valeur null ou d'une éventuelle valeur null en type non-nullable. [C:\CHECKSEC\src\CHECKSEC.Core\CHECKSEC.Core.csproj]
C:\CHECKSEC\src\CHECKSEC.Core\CHECKSEC\Core\Services\Collectors\AdvancedPersistenceCollector.cs(172,34): warning CS8600: Conversion de littéral ayant une valeur null ou d'une éventuelle valeur null en type non-nullable. [C:\CHECKSEC\src\CHECKSEC.Core\CHECKSEC.Core.csproj]
C:\CHECKSEC\src\CHECKSEC.Core\CHECKSEC\Core\Services\Collectors\AdditionalSecurityCollector.cs(71,27): warning CS8600: Conversion de littéral ayant une valeur null ou d'une éventuelle valeur null en type non-nullable. [C:\CHECKSEC\src\CHECKSEC.Core\CHECKSEC.Core.csproj]
C:\CHECKSEC\src\CHECKSEC.Core\CHECKSEC\Core\Services\Collectors\AdditionalSecurityCollector.cs(72,24): warning CS8600: Conversion de littéral ayant une valeur null ou d'une éventuelle valeur null en type non-nullable. [C:\CHECKSEC\src\CHECKSEC.Core\CHECKSEC.Core.csproj]
C:\CHECKSEC\src\CHECKSEC.Core\CHECKSEC\Core\Services\Collectors\AdditionalSecurityCollector.cs(193,28): warning CS8600: Conversion de littéral ayant une valeur null ou d'une éventuelle valeur null en type non-nullable. [C:\CHECKSEC\src\CHECKSEC.Core\CHECKSEC.Core.csproj]
C:\CHECKSEC\src\CHECKSEC.Core\CHECKSEC\Core\Services\Collectors\AdvancedPersistenceCollector.cs(194,36): warning CS8600: Conversion de littéral ayant une valeur null ou d'une éventuelle valeur null en type non-nullable. [C:\CHECKSEC\src\CHECKSEC.Core\CHECKSEC.Core.csproj]
C:\CHECKSEC\src\CHECKSEC.Core\CHECKSEC\Core\Services\Helpers\WindowsInfo.cs(68,37): warning CS8600: Conversion de littéral ayant une valeur null ou d'une éventuelle valeur null en type non-nullable. [C:\CHECKSEC\src\CHECKSEC.Core\CHECKSEC.Core.csproj]
C:\CHECKSEC\src\CHECKSEC.Core\CHECKSEC\Core\Services\Helpers\WindowsInfo.cs(82,37): warning CS8600: Conversion de littéral ayant une valeur null ou d'une éventuelle valeur null en type non-nullable. [C:\CHECKSEC\src\CHECKSEC.Core\CHECKSEC.Core.csproj]
C:\CHECKSEC\src\CHECKSEC.Core\CHECKSEC\Core\Services\Helpers\WindowsInfo.cs(83,22): warning CS8600: Conversion de littéral ayant une valeur null ou d'une éventuelle valeur null en type non-nullable. [C:\CHECKSEC\src\CHECKSEC.Core\CHECKSEC.Core.csproj]
C:\CHECKSEC\src\CHECKSEC.Core\CHECKSEC\Core\Services\Collectors\AdditionalSecurityCollector.cs(231,29): warning CS8600: Conversion de littéral ayant une valeur null ou d'une éventuelle valeur null en type non-nullable. [C:\CHECKSEC\src\CHECKSEC.Core\CHECKSEC.Core.csproj]
C:\CHECKSEC\src\CHECKSEC.Core\CHECKSEC\Core\Services\Analysis\ReportGenerator.cs(271,61): warning CS9193: L’argument 1 doit être une variable, car il est passé à un paramètre « ref readonly » [C:\CHECKSEC\src\CHECKSEC.Core\CHECKSEC.Core.csproj]
C:\CHECKSEC\src\CHECKSEC.Core\CHECKSEC\Core\Services\Helpers\WindowsInfo.cs(98,37): warning CS8600: Conversion de littéral ayant une valeur null ou d'une éventuelle valeur null en type non-nullable. [C:\CHECKSEC\src\CHECKSEC.Core\CHECKSEC.Core.csproj]
C:\CHECKSEC\src\CHECKSEC.Core\CHECKSEC\Core\Services\Helpers\RegistryHelper.cs(27,36): warning CS8600: Conversion de littéral ayant une valeur null ou d'une éventuelle valeur null en type non-nullable. [C:\CHECKSEC\src\CHECKSEC.Core\CHECKSEC.Core.csproj]
C:\CHECKSEC\src\CHECKSEC.Core\CHECKSEC\Core\Services\Helpers\RegistryHelper.cs(28,22): warning CS8600: Conversion de littéral ayant une valeur null ou d'une éventuelle valeur null en type non-nullable. [C:\CHECKSEC\src\CHECKSEC.Core\CHECKSEC.Core.csproj]
C:\CHECKSEC\src\CHECKSEC.Core\CHECKSEC\Core\Services\Helpers\RegistryHelper.cs(41,36): warning CS8600: Conversion de littéral ayant une valeur null ou d'une éventuelle valeur null en type non-nullable. [C:\CHECKSEC\src\CHECKSEC.Core\CHECKSEC.Core.csproj]
C:\CHECKSEC\src\CHECKSEC.Core\CHECKSEC\Core\Services\Helpers\RegistryHelper.cs(42,22): warning CS8600: Conversion de littéral ayant une valeur null ou d'une éventuelle valeur null en type non-nullable. [C:\CHECKSEC\src\CHECKSEC.Core\CHECKSEC.Core.csproj]
C:\CHECKSEC\src\CHECKSEC.Core\CHECKSEC\Core\Services\Helpers\RegistryHelper.cs(64,36): warning CS8600: Conversion de littéral ayant une valeur null ou d'une éventuelle valeur null en type non-nullable. [C:\CHECKSEC\src\CHECKSEC.Core\CHECKSEC.Core.csproj]
C:\CHECKSEC\src\CHECKSEC.Core\CHECKSEC\Core\Services\Helpers\RegistryHelper.cs(77,36): warning CS8600: Conversion de littéral ayant une valeur null ou d'une éventuelle valeur null en type non-nullable. [C:\CHECKSEC\src\CHECKSEC.Core\CHECKSEC.Core.csproj]
C:\CHECKSEC\src\CHECKSEC.Core\CHECKSEC\Core\Services\Collectors\AmsiCollector.cs(73,37): warning CS8600: Conversion de littéral ayant une valeur null ou d'une éventuelle valeur null en type non-nullable. [C:\CHECKSEC\src\CHECKSEC.Core\CHECKSEC.Core.csproj]
C:\CHECKSEC\src\CHECKSEC.Core\CHECKSEC\Core\Services\Collectors\WindowsUpdateDetailCollector.cs(182,30): warning CS8600: Conversion de littéral ayant une valeur null ou d'une éventuelle valeur null en type non-nullable. [C:\CHECKSEC\src\CHECKSEC.Core\CHECKSEC.Core.csproj]
C:\CHECKSEC\src\CHECKSEC.Core\CHECKSEC\Core\Services\Collectors\WindowsUpdateDetailCollector.cs(183,34): warning CS8600: Conversion de littéral ayant une valeur null ou d'une éventuelle valeur null en type non-nullable. [C:\CHECKSEC\src\CHECKSEC.Core\CHECKSEC.Core.csproj]
C:\CHECKSEC\src\CHECKSEC.Core\CHECKSEC\Core\Services\Collectors\AdditionalSecurityCollector.cs(330,28): warning CS8600: Conversion de littéral ayant une valeur null ou d'une éventuelle valeur null en type non-nullable. [C:\CHECKSEC\src\CHECKSEC.Core\CHECKSEC.Core.csproj]
C:\CHECKSEC\src\CHECKSEC.Core\CHECKSEC\Core\Services\Collectors\AdditionalSecurityCollector.cs(353,24): warning CS8600: Conversion de littéral ayant une valeur null ou d'une éventuelle valeur null en type non-nullable. [C:\CHECKSEC\src\CHECKSEC.Core\CHECKSEC.Core.csproj]
C:\CHECKSEC\src\CHECKSEC.Core\CHECKSEC\Core\Services\Collectors\AmsiCollector.cs(215,33): warning CS8600: Conversion de littéral ayant une valeur null ou d'une éventuelle valeur null en type non-nullable. [C:\CHECKSEC\src\CHECKSEC.Core\CHECKSEC.Core.csproj]
C:\CHECKSEC\src\CHECKSEC.Core\CHECKSEC\Core\Services\Collectors\AmsiCollector.cs(220,35): warning CS8600: Conversion de littéral ayant une valeur null ou d'une éventuelle valeur null en type non-nullable. [C:\CHECKSEC\src\CHECKSEC.Core\CHECKSEC.Core.csproj]
C:\CHECKSEC\src\CHECKSEC.Core\CHECKSEC\Core\Services\Collectors\AdvancedPersistenceCollector.cs(290,31): warning CS8600: Conversion de littéral ayant une valeur null ou d'une éventuelle valeur null en type non-nullable. [C:\CHECKSEC\src\CHECKSEC.Core\CHECKSEC.Core.csproj]
C:\CHECKSEC\src\CHECKSEC.Core\CHECKSEC\Core\Services\Collectors\AdvancedPersistenceCollector.cs(298,42): warning CS8604: Existence possible d'un argument de référence null pour le paramètre 'key' dans 'string[] AdvancedPersistenceCollector.ReadMultiString(RegistryKey key, string valueName)'. [C:\CHECKSEC\src\CHECKSEC.Core\CHECKSEC.Core.csproj]
C:\CHECKSEC\src\CHECKSEC.Core\CHECKSEC\Core\Services\Collectors\AmsiCollector.cs(302,31): warning CS8600: Conversion de littéral ayant une valeur null ou d'une éventuelle valeur null en type non-nullable. [C:\CHECKSEC\src\CHECKSEC.Core\CHECKSEC.Core.csproj]
C:\CHECKSEC\src\CHECKSEC.Core\CHECKSEC\Core\Services\Collectors\AmsiCollector.cs(303,19): warning CS8600: Conversion de littéral ayant une valeur null ou d'une éventuelle valeur null en type non-nullable. [C:\CHECKSEC\src\CHECKSEC.Core\CHECKSEC.Core.csproj]
C:\CHECKSEC\src\CHECKSEC.Core\CHECKSEC\Core\Services\Collectors\AdvancedPersistenceCollector.cs(356,23): warning CS8600: Conversion de littéral ayant une valeur null ou d'une éventuelle valeur null en type non-nullable. [C:\CHECKSEC\src\CHECKSEC.Core\CHECKSEC.Core.csproj]
C:\CHECKSEC\src\CHECKSEC.Core\CHECKSEC\Core\Services\Collectors\AmsiCollector.cs(320,31): warning CS8600: Conversion de littéral ayant une valeur null ou d'une éventuelle valeur null en type non-nullable. [C:\CHECKSEC\src\CHECKSEC.Core\CHECKSEC.Core.csproj]
C:\CHECKSEC\src\CHECKSEC.Core\CHECKSEC\Core\Services\Collectors\AmsiCollector.cs(321,13): warning CS8600: Conversion de littéral ayant une valeur null ou d'une éventuelle valeur null en type non-nullable. [C:\CHECKSEC\src\CHECKSEC.Core\CHECKSEC.Core.csproj]
C:\CHECKSEC\src\CHECKSEC.Core\CHECKSEC\Core\Services\Collectors\AmsiCollector.cs(325,13): warning CS8600: Conversion de littéral ayant une valeur null ou d'une éventuelle valeur null en type non-nullable. [C:\CHECKSEC\src\CHECKSEC.Core\CHECKSEC.Core.csproj]
C:\CHECKSEC\src\CHECKSEC.Core\CHECKSEC\Core\Services\Collectors\WindowsUpdateDetailCollector.cs(300,35): warning CS8600: Conversion de littéral ayant une valeur null ou d'une éventuelle valeur null en type non-nullable. [C:\CHECKSEC\src\CHECKSEC.Core\CHECKSEC.Core.csproj]
C:\CHECKSEC\src\CHECKSEC.Core\CHECKSEC\Core\Services\Collectors\WindowsUpdateDetailCollector.cs(301,34): warning CS8600: Conversion de littéral ayant une valeur null ou d'une éventuelle valeur null en type non-nullable. [C:\CHECKSEC\src\CHECKSEC.Core\CHECKSEC.Core.csproj]
C:\CHECKSEC\src\CHECKSEC.Core\CHECKSEC\Core\Services\Collectors\AdvancedPersistenceCollector.cs(417,36): warning CS8600: Conversion de littéral ayant une valeur null ou d'une éventuelle valeur null en type non-nullable. [C:\CHECKSEC\src\CHECKSEC.Core\CHECKSEC.Core.csproj]
C:\CHECKSEC\src\CHECKSEC.Core\CHECKSEC\Core\Services\Collectors\AdvancedPersistenceCollector.cs(429,33): warning CS8600: Conversion de littéral ayant une valeur null ou d'une éventuelle valeur null en type non-nullable. [C:\CHECKSEC\src\CHECKSEC.Core\CHECKSEC.Core.csproj]
C:\CHECKSEC\src\CHECKSEC.Core\CHECKSEC\Core\Services\Collectors\AdvancedPersistenceCollector.cs(508,33): warning CS8600: Conversion de littéral ayant une valeur null ou d'une éventuelle valeur null en type non-nullable. [C:\CHECKSEC\src\CHECKSEC.Core\CHECKSEC.Core.csproj]
C:\CHECKSEC\src\CHECKSEC.Core\CHECKSEC\Core\Services\Collectors\WindowsUpdateDetailCollector.cs(432,36): warning CS8600: Conversion de littéral ayant une valeur null ou d'une éventuelle valeur null en type non-nullable. [C:\CHECKSEC\src\CHECKSEC.Core\CHECKSEC.Core.csproj]
C:\CHECKSEC\src\CHECKSEC.Core\CHECKSEC\Core\Services\Collectors\WindowsUpdateDetailCollector.cs(433,37): warning CS8600: Conversion de littéral ayant une valeur null ou d'une éventuelle valeur null en type non-nullable. [C:\CHECKSEC\src\CHECKSEC.Core\CHECKSEC.Core.csproj]
C:\CHECKSEC\src\CHECKSEC.Core\CHECKSEC\Core\Services\Collectors\WindowsUpdateDetailCollector.cs(434,39): warning CS8600: Conversion de littéral ayant une valeur null ou d'une éventuelle valeur null en type non-nullable. [C:\CHECKSEC\src\CHECKSEC.Core\CHECKSEC.Core.csproj]
C:\CHECKSEC\src\CHECKSEC.Core\CHECKSEC\Core\Services\Collectors\WindowsUpdateDetailCollector.cs(439,43): warning CS8600: Conversion de littéral ayant une valeur null ou d'une éventuelle valeur null en type non-nullable. [C:\CHECKSEC\src\CHECKSEC.Core\CHECKSEC.Core.csproj]
C:\CHECKSEC\src\CHECKSEC.Core\CHECKSEC\Core\Services\Collectors\AdvancedPersistenceCollector.cs(624,16): warning CS8600: Conversion de littéral ayant une valeur null ou d'une éventuelle valeur null en type non-nullable. [C:\CHECKSEC\src\CHECKSEC.Core\CHECKSEC.Core.csproj]
C:\CHECKSEC\src\CHECKSEC.Core\CHECKSEC\Core\Services\Collectors\AdvancedPersistenceCollector.cs(631,11): warning CS8602: Déréférencement d'une éventuelle référence null. [C:\CHECKSEC\src\CHECKSEC.Core\CHECKSEC.Core.csproj]
C:\CHECKSEC\src\CHECKSEC.Core\CHECKSEC\Core\Services\Collectors\AppControlCollector.cs(70,36): warning CS8600: Conversion de littéral ayant une valeur null ou d'une éventuelle valeur null en type non-nullable. [C:\CHECKSEC\src\CHECKSEC.Core\CHECKSEC.Core.csproj]
C:\CHECKSEC\src\CHECKSEC.Core\CHECKSEC\Core\Services\Collectors\AppControlCollector.cs(88,36): warning CS8600: Conversion de littéral ayant une valeur null ou d'une éventuelle valeur null en type non-nullable. [C:\CHECKSEC\src\CHECKSEC.Core\CHECKSEC.Core.csproj]
C:\CHECKSEC\src\CHECKSEC.Core\CHECKSEC\Core\Services\Collectors\AppControlCollector.cs(103,24): warning CS8600: Conversion de littéral ayant une valeur null ou d'une éventuelle valeur null en type non-nullable. [C:\CHECKSEC\src\CHECKSEC.Core\CHECKSEC.Core.csproj]
C:\CHECKSEC\src\CHECKSEC.Core\CHECKSEC\Core\Services\Collectors\AppControlCollector.cs(119,39): warning CS8600: Conversion de littéral ayant une valeur null ou d'une éventuelle valeur null en type non-nullable. [C:\CHECKSEC\src\CHECKSEC.Core\CHECKSEC.Core.csproj]
C:\CHECKSEC\src\CHECKSEC.Core\CHECKSEC\Core\Services\Collectors\AppControlCollector.cs(120,28): warning CS8600: Conversion de littéral ayant une valeur null ou d'une éventuelle valeur null en type non-nullable. [C:\CHECKSEC\src\CHECKSEC.Core\CHECKSEC.Core.csproj]
C:\CHECKSEC\src\CHECKSEC.Core\CHECKSEC\Core\Services\Collectors\AppControlCollector.cs(162,36): warning CS8600: Conversion de littéral ayant une valeur null ou d'une éventuelle valeur null en type non-nullable. [C:\CHECKSEC\src\CHECKSEC.Core\CHECKSEC.Core.csproj]
C:\CHECKSEC\src\CHECKSEC.Core\CHECKSEC\Core\Services\Collectors\AppControlCollector.cs(163,28): warning CS8600: Conversion de littéral ayant une valeur null ou d'une éventuelle valeur null en type non-nullable. [C:\CHECKSEC\src\CHECKSEC.Core\CHECKSEC.Core.csproj]
C:\CHECKSEC\src\CHECKSEC.Core\CHECKSEC\Core\Services\Collectors\AdvancedPersistenceCollector.cs(647,31): warning CS8600: Conversion de littéral ayant une valeur null ou d'une éventuelle valeur null en type non-nullable. [C:\CHECKSEC\src\CHECKSEC.Core\CHECKSEC.Core.csproj]
C:\CHECKSEC\src\CHECKSEC.Core\CHECKSEC\Core\Services\Collectors\AdvancedPersistenceCollector.cs(648,19): warning CS8600: Conversion de littéral ayant une valeur null ou d'une éventuelle valeur null en type non-nullable. [C:\CHECKSEC\src\CHECKSEC.Core\CHECKSEC.Core.csproj]
C:\CHECKSEC\src\CHECKSEC.Core\CHECKSEC\Core\Services\Collectors\AdvancedPersistenceCollector.cs(664,31): warning CS8600: Conversion de littéral ayant une valeur null ou d'une éventuelle valeur null en type non-nullable. [C:\CHECKSEC\src\CHECKSEC.Core\CHECKSEC.Core.csproj]
C:\CHECKSEC\src\CHECKSEC.Core\CHECKSEC\Core\Services\Collectors\AdditionalSecurityCollector.cs(652,27): warning CS8600: Conversion de littéral ayant une valeur null ou d'une éventuelle valeur null en type non-nullable. [C:\CHECKSEC\src\CHECKSEC.Core\CHECKSEC.Core.csproj]
C:\CHECKSEC\src\CHECKSEC.Core\CHECKSEC\Core\Services\Analysis\CisBenchmarkMapper.cs(1578,27): warning CS8600: Conversion de littéral ayant une valeur null ou d'une éventuelle valeur null en type non-nullable. [C:\CHECKSEC\src\CHECKSEC.Core\CHECKSEC.Core.csproj]
C:\CHECKSEC\src\CHECKSEC.Core\CHECKSEC\Core\Services\Collectors\AdditionalSecurityCollector.cs(736,31): warning CS8600: Conversion de littéral ayant une valeur null ou d'une éventuelle valeur null en type non-nullable. [C:\CHECKSEC\src\CHECKSEC.Core\CHECKSEC.Core.csproj]
C:\CHECKSEC\src\CHECKSEC.Core\CHECKSEC\Core\Services\Collectors\AdditionalSecurityCollector.cs(737,19): warning CS8600: Conversion de littéral ayant une valeur null ou d'une éventuelle valeur null en type non-nullable. [C:\CHECKSEC\src\CHECKSEC.Core\CHECKSEC.Core.csproj]
C:\CHECKSEC\src\CHECKSEC.Core\CHECKSEC\Core\Services\Collectors\AdditionalSecurityCollector.cs(754,31): warning CS8600: Conversion de littéral ayant une valeur null ou d'une éventuelle valeur null en type non-nullable. [C:\CHECKSEC\src\CHECKSEC.Core\CHECKSEC.Core.csproj]
C:\CHECKSEC\src\CHECKSEC.Core\CHECKSEC\Core\Services\Collectors\AdditionalSecurityCollector.cs(755,13): warning CS8600: Conversion de littéral ayant une valeur null ou d'une éventuelle valeur null en type non-nullable. [C:\CHECKSEC\src\CHECKSEC.Core\CHECKSEC.Core.csproj]
C:\CHECKSEC\src\CHECKSEC.Core\CHECKSEC\Core\Services\Collectors\AdditionalSecurityCollector.cs(759,13): warning CS8600: Conversion de littéral ayant une valeur null ou d'une éventuelle valeur null en type non-nullable. [C:\CHECKSEC\src\CHECKSEC.Core\CHECKSEC.Core.csproj]
C:\CHECKSEC\src\CHECKSEC.Core\CHECKSEC\Core\Services\Collectors\AsrRulesCollector.cs(75,22): warning CS8600: Conversion de littéral ayant une valeur null ou d'une éventuelle valeur null en type non-nullable. [C:\CHECKSEC\src\CHECKSEC.Core\CHECKSEC.Core.csproj]
C:\CHECKSEC\src\CHECKSEC.Core\CHECKSEC\Core\Services\Collectors\AsrRulesCollector.cs(99,29): warning CS8600: Conversion de littéral ayant une valeur null ou d'une éventuelle valeur null en type non-nullable. [C:\CHECKSEC\src\CHECKSEC.Core\CHECKSEC.Core.csproj]
C:\CHECKSEC\src\CHECKSEC.Core\CHECKSEC\Core\Services\Collectors\WindowsUpdateDetailCollector.cs(505,33): warning CS8600: Conversion de littéral ayant une valeur null ou d'une éventuelle valeur null en type non-nullable. [C:\CHECKSEC\src\CHECKSEC.Core\CHECKSEC.Core.csproj]
C:\CHECKSEC\src\CHECKSEC.Core\CHECKSEC\Core\Services\Collectors\AppControlCollector.cs(249,34): warning CS8600: Conversion de littéral ayant une valeur null ou d'une éventuelle valeur null en type non-nullable. [C:\CHECKSEC\src\CHECKSEC.Core\CHECKSEC.Core.csproj]
C:\CHECKSEC\src\CHECKSEC.Core\CHECKSEC\Core\Services\Collectors\AppControlCollector.cs(272,35): warning CS8600: Conversion de littéral ayant une valeur null ou d'une éventuelle valeur null en type non-nullable. [C:\CHECKSEC\src\CHECKSEC.Core\CHECKSEC.Core.csproj]
C:\CHECKSEC\src\CHECKSEC.Core\CHECKSEC\Core\Services\Collectors\AppControlCollector.cs(305,36): warning CS8600: Conversion de littéral ayant une valeur null ou d'une éventuelle valeur null en type non-nullable. [C:\CHECKSEC\src\CHECKSEC.Core\CHECKSEC.Core.csproj]
C:\CHECKSEC\src\CHECKSEC.Core\CHECKSEC\Core\Services\Collectors\AppControlCollector.cs(306,30): warning CS8600: Conversion de littéral ayant une valeur null ou d'une éventuelle valeur null en type non-nullable. [C:\CHECKSEC\src\CHECKSEC.Core\CHECKSEC.Core.csproj]
C:\CHECKSEC\src\CHECKSEC.Core\CHECKSEC\Core\Services\Collectors\AuditPolicyCollector.cs(121,25): warning CS8600: Conversion de littéral ayant une valeur null ou d'une éventuelle valeur null en type non-nullable. [C:\CHECKSEC\src\CHECKSEC.Core\CHECKSEC.Core.csproj]
C:\CHECKSEC\src\CHECKSEC.Core\CHECKSEC\Core\Services\Collectors\AuditPolicyCollector.cs(165,70): warning CS8600: Conversion de littéral ayant une valeur null ou d'une éventuelle valeur null en type non-nullable. [C:\CHECKSEC\src\CHECKSEC.Core\CHECKSEC.Core.csproj]
C:\CHECKSEC\src\CHECKSEC.Core\CHECKSEC\Core\Services\Collectors\AppControlCollector.cs(356,36): warning CS8600: Conversion de littéral ayant une valeur null ou d'une éventuelle valeur null en type non-nullable. [C:\CHECKSEC\src\CHECKSEC.Core\CHECKSEC.Core.csproj]
C:\CHECKSEC\src\CHECKSEC.Core\CHECKSEC\Core\Services\Collectors\AppControlCollector.cs(357,22): warning CS8600: Conversion de littéral ayant une valeur null ou d'une éventuelle valeur null en type non-nullable. [C:\CHECKSEC\src\CHECKSEC.Core\CHECKSEC.Core.csproj]
C:\CHECKSEC\src\CHECKSEC.Core\CHECKSEC\Core\Services\Collectors\AppControlCollector.cs(415,40): warning CS8600: Conversion de littéral ayant une valeur null ou d'une éventuelle valeur null en type non-nullable. [C:\CHECKSEC\src\CHECKSEC.Core\CHECKSEC.Core.csproj]
C:\CHECKSEC\src\CHECKSEC.Core\CHECKSEC\Core\Services\Collectors\AppControlCollector.cs(416,22): warning CS8600: Conversion de littéral ayant une valeur null ou d'une éventuelle valeur null en type non-nullable. [C:\CHECKSEC\src\CHECKSEC.Core\CHECKSEC.Core.csproj]
C:\CHECKSEC\src\CHECKSEC.Core\CHECKSEC\Core\Services\Collectors\AppControlCollector.cs(434,40): warning CS8600: Conversion de littéral ayant une valeur null ou d'une éventuelle valeur null en type non-nullable. [C:\CHECKSEC\src\CHECKSEC.Core\CHECKSEC.Core.csproj]
C:\CHECKSEC\src\CHECKSEC.Core\CHECKSEC\Core\Services\Collectors\AppControlCollector.cs(435,26): warning CS8600: Conversion de littéral ayant une valeur null ou d'une éventuelle valeur null en type non-nullable. [C:\CHECKSEC\src\CHECKSEC.Core\CHECKSEC.Core.csproj]
C:\CHECKSEC\src\CHECKSEC.Core\CHECKSEC\Core\Services\Collectors\AppControlCollector.cs(463,40): warning CS8600: Conversion de littéral ayant une valeur null ou d'une éventuelle valeur null en type non-nullable. [C:\CHECKSEC\src\CHECKSEC.Core\CHECKSEC.Core.csproj]
C:\CHECKSEC\src\CHECKSEC.Core\CHECKSEC\Core\Services\Collectors\AppControlCollector.cs(464,26): warning CS8600: Conversion de littéral ayant une valeur null ou d'une éventuelle valeur null en type non-nullable. [C:\CHECKSEC\src\CHECKSEC.Core\CHECKSEC.Core.csproj]
C:\CHECKSEC\src\CHECKSEC.Core\CHECKSEC\Core\Services\Collectors\AppControlCollector.cs(489,40): warning CS8600: Conversion de littéral ayant une valeur null ou d'une éventuelle valeur null en type non-nullable. [C:\CHECKSEC\src\CHECKSEC.Core\CHECKSEC.Core.csproj]
C:\CHECKSEC\src\CHECKSEC.Core\CHECKSEC\Core\Services\Collectors\AppControlCollector.cs(490,32): warning CS8600: Conversion de littéral ayant une valeur null ou d'une éventuelle valeur null en type non-nullable. [C:\CHECKSEC\src\CHECKSEC.Core\CHECKSEC.Core.csproj]
C:\CHECKSEC\src\CHECKSEC.Core\CHECKSEC\Core\Services\Collectors\AppControlCollector.cs(508,40): warning CS8600: Conversion de littéral ayant une valeur null ou d'une éventuelle valeur null en type non-nullable. [C:\CHECKSEC\src\CHECKSEC.Core\CHECKSEC.Core.csproj]
C:\CHECKSEC\src\CHECKSEC.Core\CHECKSEC\Core\Services\Collectors\AppControlCollector.cs(509,33): warning CS8600: Conversion de littéral ayant une valeur null ou d'une éventuelle valeur null en type non-nullable. [C:\CHECKSEC\src\CHECKSEC.Core\CHECKSEC.Core.csproj]
C:\CHECKSEC\src\CHECKSEC.Core\CHECKSEC\Core\Services\Collectors\AppControlCollector.cs(527,40): warning CS8600: Conversion de littéral ayant une valeur null ou d'une éventuelle valeur null en type non-nullable. [C:\CHECKSEC\src\CHECKSEC.Core\CHECKSEC.Core.csproj]
C:\CHECKSEC\src\CHECKSEC.Core\CHECKSEC\Core\Services\Collectors\AppControlCollector.cs(528,37): warning CS8600: Conversion de littéral ayant une valeur null ou d'une éventuelle valeur null en type non-nullable. [C:\CHECKSEC\src\CHECKSEC.Core\CHECKSEC.Core.csproj]
C:\CHECKSEC\src\CHECKSEC.Core\CHECKSEC\Core\Services\Collectors\AppControlCollector.cs(546,40): warning CS8600: Conversion de littéral ayant une valeur null ou d'une éventuelle valeur null en type non-nullable. [C:\CHECKSEC\src\CHECKSEC.Core\CHECKSEC.Core.csproj]
C:\CHECKSEC\src\CHECKSEC.Core\CHECKSEC\Core\Services\Collectors\AppControlCollector.cs(547,28): warning CS8600: Conversion de littéral ayant une valeur null ou d'une éventuelle valeur null en type non-nullable. [C:\CHECKSEC\src\CHECKSEC.Core\CHECKSEC.Core.csproj]
C:\CHECKSEC\src\CHECKSEC.Core\CHECKSEC\Core\Services\Collectors\AppControlCollector.cs(564,40): warning CS8600: Conversion de littéral ayant une valeur null ou d'une éventuelle valeur null en type non-nullable. [C:\CHECKSEC\src\CHECKSEC.Core\CHECKSEC.Core.csproj]
C:\CHECKSEC\src\CHECKSEC.Core\CHECKSEC\Core\Services\Collectors\AppControlCollector.cs(565,30): warning CS8600: Conversion de littéral ayant une valeur null ou d'une éventuelle valeur null en type non-nullable. [C:\CHECKSEC\src\CHECKSEC.Core\CHECKSEC.Core.csproj]
C:\CHECKSEC\src\CHECKSEC.Core\CHECKSEC\Core\Services\Analysis\GapAnalyzer.cs(94,21): warning CS8601: Existence possible d'une assignation de référence null. [C:\CHECKSEC\src\CHECKSEC.Core\CHECKSEC.Core.csproj]
C:\CHECKSEC\src\CHECKSEC.Core\CHECKSEC\Core\Services\Collectors\AuditPolicyCollector.cs(402,48): warning CS8600: Conversion de littéral ayant une valeur null ou d'une éventuelle valeur null en type non-nullable. [C:\CHECKSEC\src\CHECKSEC.Core\CHECKSEC.Core.csproj]
C:\CHECKSEC\src\CHECKSEC.Core\CHECKSEC\Core\Services\Analysis\GapAnalyzer.cs(147,21): warning CS8600: Conversion de littéral ayant une valeur null ou d'une éventuelle valeur null en type non-nullable. [C:\CHECKSEC\src\CHECKSEC.Core\CHECKSEC.Core.csproj]
C:\CHECKSEC\src\CHECKSEC.Core\CHECKSEC\Core\Services\Collectors\WindowsUpdateDetailCollector.cs(799,38): warning CS8600: Conversion de littéral ayant une valeur null ou d'une éventuelle valeur null en type non-nullable. [C:\CHECKSEC\src\CHECKSEC.Core\CHECKSEC.Core.csproj]
C:\CHECKSEC\src\CHECKSEC.Core\CHECKSEC\Core\Services\Collectors\AuditPolicyCollector.cs(433,31): warning CS8600: Conversion de littéral ayant une valeur null ou d'une éventuelle valeur null en type non-nullable. [C:\CHECKSEC\src\CHECKSEC.Core\CHECKSEC.Core.csproj]
C:\CHECKSEC\src\CHECKSEC.Core\CHECKSEC\Core\Services\Collectors\AuditPolicyCollector.cs(434,22): warning CS8600: Conversion de littéral ayant une valeur null ou d'une éventuelle valeur null en type non-nullable. [C:\CHECKSEC\src\CHECKSEC.Core\CHECKSEC.Core.csproj]
C:\CHECKSEC\src\CHECKSEC.Core\CHECKSEC\Core\Services\Collectors\AuditPolicyCollector.cs(451,31): warning CS8600: Conversion de littéral ayant une valeur null ou d'une éventuelle valeur null en type non-nullable. [C:\CHECKSEC\src\CHECKSEC.Core\CHECKSEC.Core.csproj]
C:\CHECKSEC\src\CHECKSEC.Core\CHECKSEC\Core\Services\Collectors\AuditPolicyCollector.cs(452,22): warning CS8600: Conversion de littéral ayant une valeur null ou d'une éventuelle valeur null en type non-nullable. [C:\CHECKSEC\src\CHECKSEC.Core\CHECKSEC.Core.csproj]
C:\CHECKSEC\src\CHECKSEC.Core\CHECKSEC\Core\Services\Analysis\GapAnalyzer.cs(205,37): warning CS8600: Conversion de littéral ayant une valeur null ou d'une éventuelle valeur null en type non-nullable. [C:\CHECKSEC\src\CHECKSEC.Core\CHECKSEC.Core.csproj]
C:\CHECKSEC\src\CHECKSEC.Core\CHECKSEC\Core\Services\Collectors\AuditPolicyCollector.cs(497,35): warning CS8600: Conversion de littéral ayant une valeur null ou d'une éventuelle valeur null en type non-nullable. [C:\CHECKSEC\src\CHECKSEC.Core\CHECKSEC.Core.csproj]
C:\CHECKSEC\src\CHECKSEC.Core\CHECKSEC\Core\Services\Collectors\AuditPolicyCollector.cs(498,27): warning CS8600: Conversion de littéral ayant une valeur null ou d'une éventuelle valeur null en type non-nullable. [C:\CHECKSEC\src\CHECKSEC.Core\CHECKSEC.Core.csproj]
C:\CHECKSEC\src\CHECKSEC.Core\CHECKSEC\Core\Services\Collectors\AuditPolicyCollector.cs(620,31): warning CS8600: Conversion de littéral ayant une valeur null ou d'une éventuelle valeur null en type non-nullable. [C:\CHECKSEC\src\CHECKSEC.Core\CHECKSEC.Core.csproj]
C:\CHECKSEC\src\CHECKSEC.Core\CHECKSEC\Core\Services\Collectors\AuditPolicyCollector.cs(621,22): warning CS8600: Conversion de littéral ayant une valeur null ou d'une éventuelle valeur null en type non-nullable. [C:\CHECKSEC\src\CHECKSEC.Core\CHECKSEC.Core.csproj]
C:\CHECKSEC\src\CHECKSEC.Core\CHECKSEC\Core\Services\Collectors\WindowsSandboxCollector.cs(54,36): warning CS8600: Conversion de littéral ayant une valeur null ou d'une éventuelle valeur null en type non-nullable. [C:\CHECKSEC\src\CHECKSEC.Core\CHECKSEC.Core.csproj]
C:\CHECKSEC\src\CHECKSEC.Core\CHECKSEC\Core\Services\Analysis\GapAnalyzer.cs(297,29): warning CS8600: Conversion de littéral ayant une valeur null ou d'une éventuelle valeur null en type non-nullable. [C:\CHECKSEC\src\CHECKSEC.Core\CHECKSEC.Core.csproj]
C:\CHECKSEC\src\CHECKSEC.Core\CHECKSEC\Core\Services\Collectors\WindowsSandboxCollector.cs(162,37): warning CS8600: Conversion de littéral ayant une valeur null ou d'une éventuelle valeur null en type non-nullable. [C:\CHECKSEC\src\CHECKSEC.Core\CHECKSEC.Core.csproj]
C:\CHECKSEC\src\CHECKSEC.Core\CHECKSEC\Core\Services\Analysis\GapAnalyzer.cs(408,38): warning CS8600: Conversion de littéral ayant une valeur null ou d'une éventuelle valeur null en type non-nullable. [C:\CHECKSEC\src\CHECKSEC.Core\CHECKSEC.Core.csproj]
C:\CHECKSEC\src\CHECKSEC.Core\CHECKSEC\Core\Services\Analysis\MsctToolkitParser.cs(50,22): warning CS8600: Conversion de littéral ayant une valeur null ou d'une éventuelle valeur null en type non-nullable. [C:\CHECKSEC\src\CHECKSEC.Core\CHECKSEC.Core.csproj]
C:\CHECKSEC\src\CHECKSEC.Core\CHECKSEC\Core\Services\Analysis\MsctToolkitParser.cs(51,23): warning CS8600: Conversion de littéral ayant une valeur null ou d'une éventuelle valeur null en type non-nullable. [C:\CHECKSEC\src\CHECKSEC.Core\CHECKSEC.Core.csproj]
C:\CHECKSEC\src\CHECKSEC.Core\CHECKSEC\Core\Services\Analysis\MsctToolkitParser.cs(54,23): warning CS8600: Conversion de littéral ayant une valeur null ou d'une éventuelle valeur null en type non-nullable. [C:\CHECKSEC\src\CHECKSEC.Core\CHECKSEC.Core.csproj]
C:\CHECKSEC\src\CHECKSEC.Core\CHECKSEC\Core\Services\Analysis\MsctToolkitParser.cs(59,17): warning CS8600: Conversion de littéral ayant une valeur null ou d'une éventuelle valeur null en type non-nullable. [C:\CHECKSEC\src\CHECKSEC.Core\CHECKSEC.Core.csproj]
C:\CHECKSEC\src\CHECKSEC.Core\CHECKSEC\Core\Services\Analysis\GapAnalyzer.cs(497,29): warning CS8600: Conversion de littéral ayant une valeur null ou d'une éventuelle valeur null en type non-nullable. [C:\CHECKSEC\src\CHECKSEC.Core\CHECKSEC.Core.csproj]
C:\CHECKSEC\src\CHECKSEC.Core\CHECKSEC\Core\Services\Collectors\WindowsLapsCollector.cs(280,27): warning CS8600: Conversion de littéral ayant une valeur null ou d'une éventuelle valeur null en type non-nullable. [C:\CHECKSEC\src\CHECKSEC.Core\CHECKSEC.Core.csproj]
C:\CHECKSEC\src\CHECKSEC.Core\CHECKSEC\Core\Services\Collectors\WindowsLapsCollector.cs(281,16): warning CS8600: Conversion de littéral ayant une valeur null ou d'une éventuelle valeur null en type non-nullable. [C:\CHECKSEC\src\CHECKSEC.Core\CHECKSEC.Core.csproj]
C:\CHECKSEC\src\CHECKSEC.Core\CHECKSEC\Core\Services\Collectors\WindowsLapsCollector.cs(300,27): warning CS8600: Conversion de littéral ayant une valeur null ou d'une éventuelle valeur null en type non-nullable. [C:\CHECKSEC\src\CHECKSEC.Core\CHECKSEC.Core.csproj]
C:\CHECKSEC\src\CHECKSEC.Core\CHECKSEC\Core\Services\Collectors\WindowsLapsCollector.cs(301,10): warning CS8603: Existence possible d'un retour de référence null. [C:\CHECKSEC\src\CHECKSEC.Core\CHECKSEC.Core.csproj]
C:\CHECKSEC\src\CHECKSEC.Core\CHECKSEC\Core\Services\Collectors\WindowsLapsCollector.cs(308,27): warning CS8600: Conversion de littéral ayant une valeur null ou d'une éventuelle valeur null en type non-nullable. [C:\CHECKSEC\src\CHECKSEC.Core\CHECKSEC.Core.csproj]
C:\CHECKSEC\src\CHECKSEC.Core\CHECKSEC\Core\Services\Analysis\ReportGenerator.cs(76,10): warning CS8618: Le champ « _003C_003E2__current » non-nullable doit contenir une valeur autre que Null lors de la fermeture du constructeur. Envisagez d’ajouter le modificateur « required » ou de déclarer le champ comme pouvant accepter la valeur Null. [C:\CHECKSEC\src\CHECKSEC.Core\CHECKSEC.Core.csproj]
C:\CHECKSEC\src\CHECKSEC.Core\CHECKSEC\Core\Services\Analysis\ReportGenerator.cs(76,10): warning CS8618: Le champ « text » non-nullable doit contenir une valeur autre que Null lors de la fermeture du constructeur. Envisagez d’ajouter le modificateur « required » ou de déclarer le champ comme pouvant accepter la valeur Null. [C:\CHECKSEC\src\CHECKSEC.Core\CHECKSEC.Core.csproj]
C:\CHECKSEC\src\CHECKSEC.Core\CHECKSEC\Core\Services\Analysis\ReportGenerator.cs(76,10): warning CS8618: Le champ « _003C_003E3__text » non-nullable doit contenir une valeur autre que Null lors de la fermeture du constructeur. Envisagez d’ajouter le modificateur « required » ou de déclarer le champ comme pouvant accepter la valeur Null. [C:\CHECKSEC\src\CHECKSEC.Core\CHECKSEC.Core.csproj]
C:\CHECKSEC\src\CHECKSEC.Core\CHECKSEC\Core\Services\Analysis\ReportGenerator.cs(76,10): warning CS8618: Le champ « prefix » non-nullable doit contenir une valeur autre que Null lors de la fermeture du constructeur. Envisagez d’ajouter le modificateur « required » ou de déclarer le champ comme pouvant accepter la valeur Null. [C:\CHECKSEC\src\CHECKSEC.Core\CHECKSEC.Core.csproj]
C:\CHECKSEC\src\CHECKSEC.Core\CHECKSEC\Core\Services\Analysis\ReportGenerator.cs(76,10): warning CS8618: Le champ « _003C_003E3__prefix » non-nullable doit contenir une valeur autre que Null lors de la fermeture du constructeur. Envisagez d’ajouter le modificateur « required » ou de déclarer le champ comme pouvant accepter la valeur Null. [C:\CHECKSEC\src\CHECKSEC.Core\CHECKSEC.Core.csproj]
C:\CHECKSEC\src\CHECKSEC.Core\CHECKSEC\Core\Services\Analysis\ReportGenerator.cs(76,10): warning CS8618: Le champ « continuationIndent » non-nullable doit contenir une valeur autre que Null lors de la fermeture du constructeur. Envisagez d’ajouter le modificateur « required » ou de déclarer le champ comme pouvant accepter la valeur Null. [C:\CHECKSEC\src\CHECKSEC.Core\CHECKSEC.Core.csproj]
C:\CHECKSEC\src\CHECKSEC.Core\CHECKSEC\Core\Services\Analysis\ReportGenerator.cs(76,10): warning CS8618: Le champ « _003C_003E3__continuationIndent » non-nullable doit contenir une valeur autre que Null lors de la fermeture du constructeur. Envisagez d’ajouter le modificateur « required » ou de déclarer le champ comme pouvant accepter la valeur Null. [C:\CHECKSEC\src\CHECKSEC.Core\CHECKSEC.Core.csproj]
C:\CHECKSEC\src\CHECKSEC.Core\CHECKSEC\Core\Services\Analysis\ReportGenerator.cs(76,10): warning CS8618: Le champ « _003C_003E7__wrap2 » non-nullable doit contenir une valeur autre que Null lors de la fermeture du constructeur. Envisagez d’ajouter le modificateur « required » ou de déclarer le champ comme pouvant accepter la valeur Null. [C:\CHECKSEC\src\CHECKSEC.Core\CHECKSEC.Core.csproj]
C:\CHECKSEC\src\CHECKSEC.Core\CHECKSEC\Core\Services\Analysis\ReportGenerator.cs(76,10): warning CS8618: Le champ « _003Cline_003E5__5 » non-nullable doit contenir une valeur autre que Null lors de la fermeture du constructeur. Envisagez d’ajouter le modificateur « required » ou de déclarer le champ comme pouvant accepter la valeur Null. [C:\CHECKSEC\src\CHECKSEC.Core\CHECKSEC.Core.csproj]
C:\CHECKSEC\src\CHECKSEC.Core\CHECKSEC\Core\Services\Analysis\ReportGenerator.cs(76,10): warning CS8618: Le champ « _003C_003E7__wrap5 » non-nullable doit contenir une valeur autre que Null lors de la fermeture du constructeur. Envisagez d’ajouter le modificateur « required » ou de déclarer le champ comme pouvant accepter la valeur Null. [C:\CHECKSEC\src\CHECKSEC.Core\CHECKSEC.Core.csproj]
C:\CHECKSEC\src\CHECKSEC.Core\CHECKSEC\Core\Services\Analysis\ReportGenerator.cs(76,10): warning CS8618: Le champ « _003Cword_003E5__8 » non-nullable doit contenir une valeur autre que Null lors de la fermeture du constructeur. Envisagez d’ajouter le modificateur « required » ou de déclarer le champ comme pouvant accepter la valeur Null. [C:\CHECKSEC\src\CHECKSEC.Core\CHECKSEC.Core.csproj]
C:\CHECKSEC\src\CHECKSEC.Core\CHECKSEC\Core\Services\Analysis\ReportGenerator.cs(85,25): warning CS8625: Impossible de convertir un littéral ayant une valeur null en type référence non-nullable. [C:\CHECKSEC\src\CHECKSEC.Core\CHECKSEC.Core.csproj]
C:\CHECKSEC\src\CHECKSEC.Core\CHECKSEC\Core\Services\Analysis\ReportGenerator.cs(86,25): warning CS8625: Impossible de convertir un littéral ayant une valeur null en type référence non-nullable. [C:\CHECKSEC\src\CHECKSEC.Core\CHECKSEC.Core.csproj]
C:\CHECKSEC\src\CHECKSEC.Core\CHECKSEC\Core\Services\Analysis\ReportGenerator.cs(87,25): warning CS8625: Impossible de convertir un littéral ayant une valeur null en type référence non-nullable. [C:\CHECKSEC\src\CHECKSEC.Core\CHECKSEC.Core.csproj]
C:\CHECKSEC\src\CHECKSEC.Core\CHECKSEC\Core\Services\Analysis\ReportGenerator.cs(88,25): warning CS8625: Impossible de convertir un littéral ayant une valeur null en type référence non-nullable. [C:\CHECKSEC\src\CHECKSEC.Core\CHECKSEC.Core.csproj]
C:\CHECKSEC\src\CHECKSEC.Core\CHECKSEC\Core\Services\Analysis\GapAnalyzer.cs(636,21): warning CS8600: Conversion de littéral ayant une valeur null ou d'une éventuelle valeur null en type non-nullable. [C:\CHECKSEC\src\CHECKSEC.Core\CHECKSEC.Core.csproj]
C:\CHECKSEC\src\CHECKSEC.Core\CHECKSEC\Core\Services\Analysis\MsctToolkitParser.cs(201,27): warning CS8600: Conversion de littéral ayant une valeur null ou d'une éventuelle valeur null en type non-nullable. [C:\CHECKSEC\src\CHECKSEC.Core\CHECKSEC.Core.csproj]
C:\CHECKSEC\src\CHECKSEC.Core\CHECKSEC\Core\Services\Analysis\MsctToolkitParser.cs(202,20): warning CS8600: Conversion de littéral ayant une valeur null ou d'une éventuelle valeur null en type non-nullable. [C:\CHECKSEC\src\CHECKSEC.Core\CHECKSEC.Core.csproj]
C:\CHECKSEC\src\CHECKSEC.Core\CHECKSEC\Core\Services\Analysis\MsctToolkitParser.cs(207,24): warning CS8600: Conversion de littéral ayant une valeur null ou d'une éventuelle valeur null en type non-nullable. [C:\CHECKSEC\src\CHECKSEC.Core\CHECKSEC.Core.csproj]
C:\CHECKSEC\src\CHECKSEC.Core\CHECKSEC\Core\Services\Analysis\MsctToolkitParser.cs(231,26): warning CS8600: Conversion de littéral ayant une valeur null ou d'une éventuelle valeur null en type non-nullable. [C:\CHECKSEC\src\CHECKSEC.Core\CHECKSEC.Core.csproj]
C:\CHECKSEC\src\CHECKSEC.Core\CHECKSEC\Core\Services\Analysis\MsctToolkitParser.cs(235,41): warning CS8600: Conversion de littéral ayant une valeur null ou d'une éventuelle valeur null en type non-nullable. [C:\CHECKSEC\src\CHECKSEC.Core\CHECKSEC.Core.csproj]
C:\CHECKSEC\src\CHECKSEC.Core\CHECKSEC\Core\Services\Analysis\MsctToolkitParser.cs(239,20): warning CS8600: Conversion de littéral ayant une valeur null ou d'une éventuelle valeur null en type non-nullable. [C:\CHECKSEC\src\CHECKSEC.Core\CHECKSEC.Core.csproj]
C:\CHECKSEC\src\CHECKSEC.Core\CHECKSEC\Core\Services\Analysis\ReportGenerator.cs(133,26): warning CS8625: Impossible de convertir un littéral ayant une valeur null en type référence non-nullable. [C:\CHECKSEC\src\CHECKSEC.Core\CHECKSEC.Core.csproj]
C:\CHECKSEC\src\CHECKSEC.Core\CHECKSEC\Core\Services\Analysis\ReportGenerator.cs(148,26): warning CS8625: Impossible de convertir un littéral ayant une valeur null en type référence non-nullable. [C:\CHECKSEC\src\CHECKSEC.Core\CHECKSEC.Core.csproj]
C:\CHECKSEC\src\CHECKSEC.Core\CHECKSEC\Core\Services\Analysis\ReportGenerator.cs(183,26): warning CS8625: Impossible de convertir un littéral ayant une valeur null en type référence non-nullable. [C:\CHECKSEC\src\CHECKSEC.Core\CHECKSEC.Core.csproj]
C:\CHECKSEC\src\CHECKSEC.Core\CHECKSEC\Core\Services\Analysis\ReportGenerator.cs(186,26): warning CS8625: Impossible de convertir un littéral ayant une valeur null en type référence non-nullable. [C:\CHECKSEC\src\CHECKSEC.Core\CHECKSEC.Core.csproj]
C:\CHECKSEC\src\CHECKSEC.Core\CHECKSEC\Core\Services\Collectors\WifiSecurityCollector.cs(121,35): warning CS8600: Conversion de littéral ayant une valeur null ou d'une éventuelle valeur null en type non-nullable. [C:\CHECKSEC\src\CHECKSEC.Core\CHECKSEC.Core.csproj]
C:\CHECKSEC\src\CHECKSEC.Core\CHECKSEC\Core\Services\Collectors\WifiSecurityCollector.cs(127,22): warning CS8600: Conversion de littéral ayant une valeur null ou d'une éventuelle valeur null en type non-nullable. [C:\CHECKSEC\src\CHECKSEC.Core\CHECKSEC.Core.csproj]
C:\CHECKSEC\src\CHECKSEC.Core\CHECKSEC\Core\Services\Collectors\WifiSecurityCollector.cs(418,20): warning CS8600: Conversion de littéral ayant une valeur null ou d'une éventuelle valeur null en type non-nullable. [C:\CHECKSEC\src\CHECKSEC.Core\CHECKSEC.Core.csproj]
C:\CHECKSEC\src\CHECKSEC.Core\CHECKSEC\Core\Services\Analysis\MsctToolkitParser.cs(536,37): warning CS8600: Conversion de littéral ayant une valeur null ou d'une éventuelle valeur null en type non-nullable. [C:\CHECKSEC\src\CHECKSEC.Core\CHECKSEC.Core.csproj]
C:\CHECKSEC\src\CHECKSEC.Core\CHECKSEC\Core\Services\Collectors\WifiSecurityCollector.cs(764,33): warning CS8600: Conversion de littéral ayant une valeur null ou d'une éventuelle valeur null en type non-nullable. [C:\CHECKSEC\src\CHECKSEC.Core\CHECKSEC.Core.csproj]
C:\CHECKSEC\src\CHECKSEC.Core\CHECKSEC\Core\Services\Collectors\WifiSecurityCollector.cs(765,17): warning CS8600: Conversion de littéral ayant une valeur null ou d'une éventuelle valeur null en type non-nullable. [C:\CHECKSEC\src\CHECKSEC.Core\CHECKSEC.Core.csproj]
C:\CHECKSEC\src\CHECKSEC.Core\CHECKSEC\Core\Services\Collectors\WifiSecurityCollector.cs(808,31): warning CS8600: Conversion de littéral ayant une valeur null ou d'une éventuelle valeur null en type non-nullable. [C:\CHECKSEC\src\CHECKSEC.Core\CHECKSEC.Core.csproj]
C:\CHECKSEC\src\CHECKSEC.Core\CHECKSEC\Core\Services\Collectors\WifiSecurityCollector.cs(809,17): warning CS8600: Conversion de littéral ayant une valeur null ou d'une éventuelle valeur null en type non-nullable. [C:\CHECKSEC\src\CHECKSEC.Core\CHECKSEC.Core.csproj]
C:\CHECKSEC\src\CHECKSEC.Core\CHECKSEC\Core\Services\Collectors\WifiSecurityCollector.cs(871,17): warning CS8600: Conversion de littéral ayant une valeur null ou d'une éventuelle valeur null en type non-nullable. [C:\CHECKSEC\src\CHECKSEC.Core\CHECKSEC.Core.csproj]
C:\CHECKSEC\src\CHECKSEC.Core\CHECKSEC\Core\Services\Collectors\WifiSecurityCollector.cs(872,10): warning CS8603: Existence possible d'un retour de référence null. [C:\CHECKSEC\src\CHECKSEC.Core\CHECKSEC.Core.csproj]
C:\CHECKSEC\src\CHECKSEC.Core\CHECKSEC\Core\Services\Collectors\WifiSecurityCollector.cs(878,10): warning CS8603: Existence possible d'un retour de référence null. [C:\CHECKSEC\src\CHECKSEC.Core\CHECKSEC.Core.csproj]
C:\CHECKSEC\src\CHECKSEC.Core\CHECKSEC\Core\Services\Collectors\WDigestCollector.cs(52,36): warning CS8600: Conversion de littéral ayant une valeur null ou d'une éventuelle valeur null en type non-nullable. [C:\CHECKSEC\src\CHECKSEC.Core\CHECKSEC.Core.csproj]
C:\CHECKSEC\src\CHECKSEC.Core\CHECKSEC\Core\Services\Collectors\WDigestCollector.cs(68,37): warning CS8600: Conversion de littéral ayant une valeur null ou d'une éventuelle valeur null en type non-nullable. [C:\CHECKSEC\src\CHECKSEC.Core\CHECKSEC.Core.csproj]
C:\CHECKSEC\src\CHECKSEC.Core\CHECKSEC\Core\Services\Collectors\WDigestCollector.cs(99,28): warning CS8600: Conversion de littéral ayant une valeur null ou d'une éventuelle valeur null en type non-nullable. [C:\CHECKSEC\src\CHECKSEC.Core\CHECKSEC.Core.csproj]
C:\CHECKSEC\src\CHECKSEC.Core\CHECKSEC\Core\Services\Collectors\WdacDetailCollector.cs(181,24): warning CS8600: Conversion de littéral ayant une valeur null ou d'une éventuelle valeur null en type non-nullable. [C:\CHECKSEC\src\CHECKSEC.Core\CHECKSEC.Core.csproj]
C:\CHECKSEC\src\CHECKSEC.Core\CHECKSEC\Core\Services\Collectors\AutoRunsCollector.cs(91,32): warning CS8600: Conversion de littéral ayant une valeur null ou d'une éventuelle valeur null en type non-nullable. [C:\CHECKSEC\src\CHECKSEC.Core\CHECKSEC.Core.csproj]
C:\CHECKSEC\src\CHECKSEC.Core\CHECKSEC\Core\Services\Collectors\AutoRunsCollector.cs(177,30): warning CS8600: Conversion de littéral ayant une valeur null ou d'une éventuelle valeur null en type non-nullable. [C:\CHECKSEC\src\CHECKSEC.Core\CHECKSEC.Core.csproj]
C:\CHECKSEC\src\CHECKSEC.Core\CHECKSEC\Core\Services\Collectors\AutoRunsCollector.cs(241,34): warning CS8600: Conversion de littéral ayant une valeur null ou d'une éventuelle valeur null en type non-nullable. [C:\CHECKSEC\src\CHECKSEC.Core\CHECKSEC.Core.csproj]
C:\CHECKSEC\src\CHECKSEC.Core\CHECKSEC\Core\Services\Collectors\AutoRunsCollector.cs(293,35): warning CS8600: Conversion de littéral ayant une valeur null ou d'une éventuelle valeur null en type non-nullable. [C:\CHECKSEC\src\CHECKSEC.Core\CHECKSEC.Core.csproj]
C:\CHECKSEC\src\CHECKSEC.Core\CHECKSEC\Core\Services\Collectors\AutoRunsCollector.cs(295,23): warning CS8600: Conversion de littéral ayant une valeur null ou d'une éventuelle valeur null en type non-nullable. [C:\CHECKSEC\src\CHECKSEC.Core\CHECKSEC.Core.csproj]
C:\CHECKSEC\src\CHECKSEC.Core\CHECKSEC\Core\Services\Collectors\WdacDetailCollector.cs(681,31): warning CS8600: Conversion de littéral ayant une valeur null ou d'une éventuelle valeur null en type non-nullable. [C:\CHECKSEC\src\CHECKSEC.Core\CHECKSEC.Core.csproj]
C:\CHECKSEC\src\CHECKSEC.Core\CHECKSEC\Core\Services\Collectors\WdacDetailCollector.cs(682,19): warning CS8600: Conversion de littéral ayant une valeur null ou d'une éventuelle valeur null en type non-nullable. [C:\CHECKSEC\src\CHECKSEC.Core\CHECKSEC.Core.csproj]
C:\CHECKSEC\src\CHECKSEC.Core\CHECKSEC\Core\Services\Collectors\AutoRunsCollector.cs(324,25): warning CS8600: Conversion de littéral ayant une valeur null ou d'une éventuelle valeur null en type non-nullable. [C:\CHECKSEC\src\CHECKSEC.Core\CHECKSEC.Core.csproj]
C:\CHECKSEC\src\CHECKSEC.Core\CHECKSEC\Core\Services\Collectors\AutoRunsCollector.cs(342,26): warning CS8600: Conversion de littéral ayant une valeur null ou d'une éventuelle valeur null en type non-nullable. [C:\CHECKSEC\src\CHECKSEC.Core\CHECKSEC.Core.csproj]
C:\CHECKSEC\src\CHECKSEC.Core\CHECKSEC\Core\Services\Collectors\AutoRunsCollector.cs(349,30): warning CS8602: Déréférencement d'une éventuelle référence null. [C:\CHECKSEC\src\CHECKSEC.Core\CHECKSEC.Core.csproj]
C:\CHECKSEC\src\CHECKSEC.Core\CHECKSEC\Core\Services\Collectors\AutoRunsCollector.cs(404,26): warning CS8600: Conversion de littéral ayant une valeur null ou d'une éventuelle valeur null en type non-nullable. [C:\CHECKSEC\src\CHECKSEC.Core\CHECKSEC.Core.csproj]
C:\CHECKSEC\src\CHECKSEC.Core\CHECKSEC\Core\Services\Collectors\AutoRunsCollector.cs(418,38): warning CS8600: Conversion de littéral ayant une valeur null ou d'une éventuelle valeur null en type non-nullable. [C:\CHECKSEC\src\CHECKSEC.Core\CHECKSEC.Core.csproj]
C:\CHECKSEC\src\CHECKSEC.Core\CHECKSEC\Core\Services\Collectors\AutoRunsCollector.cs(419,25): warning CS8600: Conversion de littéral ayant une valeur null ou d'une éventuelle valeur null en type non-nullable. [C:\CHECKSEC\src\CHECKSEC.Core\CHECKSEC.Core.csproj]
C:\CHECKSEC\src\CHECKSEC.Core\CHECKSEC\Core\Services\Collectors\AutoRunsCollector.cs(422,15): warning CS8600: Conversion de littéral ayant une valeur null ou d'une éventuelle valeur null en type non-nullable. [C:\CHECKSEC\src\CHECKSEC.Core\CHECKSEC.Core.csproj]
C:\CHECKSEC\src\CHECKSEC.Core\CHECKSEC\Core\Services\Collectors\AutoRunsCollector.cs(422,15): warning CS8603: Existence possible d'un retour de référence null. [C:\CHECKSEC\src\CHECKSEC.Core\CHECKSEC.Core.csproj]
C:\CHECKSEC\src\CHECKSEC.Core\CHECKSEC\Core\Services\Collectors\VbsSecurityCollector.cs(253,39): warning CS8600: Conversion de littéral ayant une valeur null ou d'une éventuelle valeur null en type non-nullable. [C:\CHECKSEC\src\CHECKSEC.Core\CHECKSEC.Core.csproj]
C:\CHECKSEC\src\CHECKSEC.Core\CHECKSEC\Core\Services\Collectors\VbsSecurityCollector.cs(254,22): warning CS8600: Conversion de littéral ayant une valeur null ou d'une éventuelle valeur null en type non-nullable. [C:\CHECKSEC\src\CHECKSEC.Core\CHECKSEC.Core.csproj]
C:\CHECKSEC\src\CHECKSEC.Core\CHECKSEC\Core\Services\Collectors\VbsSecurityCollector.cs(273,32): warning CS8600: Conversion de littéral ayant une valeur null ou d'une éventuelle valeur null en type non-nullable. [C:\CHECKSEC\src\CHECKSEC.Core\CHECKSEC.Core.csproj]
C:\CHECKSEC\src\CHECKSEC.Core\CHECKSEC\Core\Services\Collectors\VbsSecurityCollector.cs(274,23): warning CS8600: Conversion de littéral ayant une valeur null ou d'une éventuelle valeur null en type non-nullable. [C:\CHECKSEC\src\CHECKSEC.Core\CHECKSEC.Core.csproj]
C:\CHECKSEC\src\CHECKSEC.Core\CHECKSEC\Core\Services\Collectors\VbsSecurityCollector.cs(293,39): warning CS8600: Conversion de littéral ayant une valeur null ou d'une éventuelle valeur null en type non-nullable. [C:\CHECKSEC\src\CHECKSEC.Core\CHECKSEC.Core.csproj]
C:\CHECKSEC\src\CHECKSEC.Core\CHECKSEC\Core\Services\Collectors\VbsSecurityCollector.cs(294,30): warning CS8600: Conversion de littéral ayant une valeur null ou d'une éventuelle valeur null en type non-nullable. [C:\CHECKSEC\src\CHECKSEC.Core\CHECKSEC.Core.csproj]
C:\CHECKSEC\src\CHECKSEC.Core\CHECKSEC\Core\Services\Collectors\VbsSecurityCollector.cs(340,39): warning CS8600: Conversion de littéral ayant une valeur null ou d'une éventuelle valeur null en type non-nullable. [C:\CHECKSEC\src\CHECKSEC.Core\CHECKSEC.Core.csproj]
C:\CHECKSEC\src\CHECKSEC.Core\CHECKSEC\Core\Services\Collectors\VbsSecurityCollector.cs(341,30): warning CS8600: Conversion de littéral ayant une valeur null ou d'une éventuelle valeur null en type non-nullable. [C:\CHECKSEC\src\CHECKSEC.Core\CHECKSEC.Core.csproj]
C:\CHECKSEC\src\CHECKSEC.Core\CHECKSEC\Core\Services\Collectors\VbsSecurityCollector.cs(364,39): warning CS8600: Conversion de littéral ayant une valeur null ou d'une éventuelle valeur null en type non-nullable. [C:\CHECKSEC\src\CHECKSEC.Core\CHECKSEC.Core.csproj]
C:\CHECKSEC\src\CHECKSEC.Core\CHECKSEC\Core\Services\Collectors\VbsSecurityCollector.cs(365,22): warning CS8600: Conversion de littéral ayant une valeur null ou d'une éventuelle valeur null en type non-nullable. [C:\CHECKSEC\src\CHECKSEC.Core\CHECKSEC.Core.csproj]
C:\CHECKSEC\src\CHECKSEC.Core\CHECKSEC\Core\Services\Collectors\VbsSecurityCollector.cs(383,39): warning CS8600: Conversion de littéral ayant une valeur null ou d'une éventuelle valeur null en type non-nullable. [C:\CHECKSEC\src\CHECKSEC.Core\CHECKSEC.Core.csproj]
C:\CHECKSEC\src\CHECKSEC.Core\CHECKSEC\Core\Services\Collectors\VbsSecurityCollector.cs(384,35): warning CS8600: Conversion de littéral ayant une valeur null ou d'une éventuelle valeur null en type non-nullable. [C:\CHECKSEC\src\CHECKSEC.Core\CHECKSEC.Core.csproj]
C:\CHECKSEC\src\CHECKSEC.Core\CHECKSEC\Core\Services\Collectors\VbsSecurityCollector.cs(404,39): warning CS8600: Conversion de littéral ayant une valeur null ou d'une éventuelle valeur null en type non-nullable. [C:\CHECKSEC\src\CHECKSEC.Core\CHECKSEC.Core.csproj]
C:\CHECKSEC\src\CHECKSEC.Core\CHECKSEC\Core\Services\Collectors\VbsSecurityCollector.cs(405,27): warning CS8600: Conversion de littéral ayant une valeur null ou d'une éventuelle valeur null en type non-nullable. [C:\CHECKSEC\src\CHECKSEC.Core\CHECKSEC.Core.csproj]
C:\CHECKSEC\src\CHECKSEC.Core\CHECKSEC\Core\Services\Collectors\AutoRunsCollector.cs(582,28): warning CS8600: Conversion de littéral ayant une valeur null ou d'une éventuelle valeur null en type non-nullable. [C:\CHECKSEC\src\CHECKSEC.Core\CHECKSEC.Core.csproj]
C:\CHECKSEC\src\CHECKSEC.Core\CHECKSEC\Core\Services\Collectors\VbsSecurityCollector.cs(428,32): warning CS8600: Conversion de littéral ayant une valeur null ou d'une éventuelle valeur null en type non-nullable. [C:\CHECKSEC\src\CHECKSEC.Core\CHECKSEC.Core.csproj]
C:\CHECKSEC\src\CHECKSEC.Core\CHECKSEC\Core\Services\Collectors\VbsSecurityCollector.cs(429,23): warning CS8600: Conversion de littéral ayant une valeur null ou d'une éventuelle valeur null en type non-nullable. [C:\CHECKSEC\src\CHECKSEC.Core\CHECKSEC.Core.csproj]
C:\CHECKSEC\src\CHECKSEC.Core\CHECKSEC\Core\Services\Collectors\VbsSecurityCollector.cs(464,32): warning CS8600: Conversion de littéral ayant une valeur null ou d'une éventuelle valeur null en type non-nullable. [C:\CHECKSEC\src\CHECKSEC.Core\CHECKSEC.Core.csproj]
C:\CHECKSEC\src\CHECKSEC.Core\CHECKSEC\Core\Services\Collectors\VbsSecurityCollector.cs(465,29): warning CS8600: Conversion de littéral ayant une valeur null ou d'une éventuelle valeur null en type non-nullable. [C:\CHECKSEC\src\CHECKSEC.Core\CHECKSEC.Core.csproj]
C:\CHECKSEC\src\CHECKSEC.Core\CHECKSEC\Core\Services\Collectors\VbsSecurityCollector.cs(483,32): warning CS8600: Conversion de littéral ayant une valeur null ou d'une éventuelle valeur null en type non-nullable. [C:\CHECKSEC\src\CHECKSEC.Core\CHECKSEC.Core.csproj]
C:\CHECKSEC\src\CHECKSEC.Core\CHECKSEC\Core\Services\Collectors\VbsSecurityCollector.cs(484,31): warning CS8600: Conversion de littéral ayant une valeur null ou d'une éventuelle valeur null en type non-nullable. [C:\CHECKSEC\src\CHECKSEC.Core\CHECKSEC.Core.csproj]
C:\CHECKSEC\src\CHECKSEC.Core\CHECKSEC\Core\Services\Collectors\VbsSecurityCollector.cs(532,39): warning CS8600: Conversion de littéral ayant une valeur null ou d'une éventuelle valeur null en type non-nullable. [C:\CHECKSEC\src\CHECKSEC.Core\CHECKSEC.Core.csproj]
C:\CHECKSEC\src\CHECKSEC.Core\CHECKSEC\Core\Services\Collectors\VbsSecurityCollector.cs(533,30): warning CS8600: Conversion de littéral ayant une valeur null ou d'une éventuelle valeur null en type non-nullable. [C:\CHECKSEC\src\CHECKSEC.Core\CHECKSEC.Core.csproj]
C:\CHECKSEC\src\CHECKSEC.Core\CHECKSEC\Core\Services\Collectors\VbsSecurityCollector.cs(595,31): warning CS8600: Conversion de littéral ayant une valeur null ou d'une éventuelle valeur null en type non-nullable. [C:\CHECKSEC\src\CHECKSEC.Core\CHECKSEC.Core.csproj]
C:\CHECKSEC\src\CHECKSEC.Core\CHECKSEC\Core\Services\Collectors\VbsSecurityCollector.cs(596,27): warning CS8600: Conversion de littéral ayant une valeur null ou d'une éventuelle valeur null en type non-nullable. [C:\CHECKSEC\src\CHECKSEC.Core\CHECKSEC.Core.csproj]
C:\CHECKSEC\src\CHECKSEC.Core\CHECKSEC\Core\Services\Collectors\VbsSecurityCollector.cs(621,39): warning CS8600: Conversion de littéral ayant une valeur null ou d'une éventuelle valeur null en type non-nullable. [C:\CHECKSEC\src\CHECKSEC.Core\CHECKSEC.Core.csproj]
C:\CHECKSEC\src\CHECKSEC.Core\CHECKSEC\Core\Services\Collectors\VbsSecurityCollector.cs(622,30): warning CS8600: Conversion de littéral ayant une valeur null ou d'une éventuelle valeur null en type non-nullable. [C:\CHECKSEC\src\CHECKSEC.Core\CHECKSEC.Core.csproj]
C:\CHECKSEC\src\CHECKSEC.Core\CHECKSEC\Core\Services\Collectors\VbsSecurityCollector.cs(645,38): warning CS8600: Conversion de littéral ayant une valeur null ou d'une éventuelle valeur null en type non-nullable. [C:\CHECKSEC\src\CHECKSEC.Core\CHECKSEC.Core.csproj]
C:\CHECKSEC\src\CHECKSEC.Core\CHECKSEC\Core\Services\Collectors\VbsSecurityCollector.cs(646,29): warning CS8600: Conversion de littéral ayant une valeur null ou d'une éventuelle valeur null en type non-nullable. [C:\CHECKSEC\src\CHECKSEC.Core\CHECKSEC.Core.csproj]
C:\CHECKSEC\src\CHECKSEC.Core\CHECKSEC\Core\Services\Collectors\VbsSecurityCollector.cs(672,31): warning CS8600: Conversion de littéral ayant une valeur null ou d'une éventuelle valeur null en type non-nullable. [C:\CHECKSEC\src\CHECKSEC.Core\CHECKSEC.Core.csproj]
C:\CHECKSEC\src\CHECKSEC.Core\CHECKSEC\Core\Services\Collectors\VbsSecurityCollector.cs(673,32): warning CS8600: Conversion de littéral ayant une valeur null ou d'une éventuelle valeur null en type non-nullable. [C:\CHECKSEC\src\CHECKSEC.Core\CHECKSEC.Core.csproj]
C:\CHECKSEC\src\CHECKSEC.Core\CHECKSEC\Core\Services\Collectors\VbsSecurityCollector.cs(691,39): warning CS8600: Conversion de littéral ayant une valeur null ou d'une éventuelle valeur null en type non-nullable. [C:\CHECKSEC\src\CHECKSEC.Core\CHECKSEC.Core.csproj]
C:\CHECKSEC\src\CHECKSEC.Core\CHECKSEC\Core\Services\Collectors\VbsSecurityCollector.cs(692,31): warning CS8600: Conversion de littéral ayant une valeur null ou d'une éventuelle valeur null en type non-nullable. [C:\CHECKSEC\src\CHECKSEC.Core\CHECKSEC.Core.csproj]
C:\CHECKSEC\src\CHECKSEC.Core\CHECKSEC\Core\Services\Collectors\AutoRunsCollector.cs(889,32): warning CS8600: Conversion de littéral ayant une valeur null ou d'une éventuelle valeur null en type non-nullable. [C:\CHECKSEC\src\CHECKSEC.Core\CHECKSEC.Core.csproj]
C:\CHECKSEC\src\CHECKSEC.Core\CHECKSEC\Core\Services\Collectors\AutoRunsCollector.cs(907,38): warning CS8600: Conversion de littéral ayant une valeur null ou d'une éventuelle valeur null en type non-nullable. [C:\CHECKSEC\src\CHECKSEC.Core\CHECKSEC.Core.csproj]
C:\CHECKSEC\src\CHECKSEC.Core\CHECKSEC\Core\Services\Collectors\AutoRunsCollector.cs(915,37): warning CS8600: Conversion de littéral ayant une valeur null ou d'une éventuelle valeur null en type non-nullable. [C:\CHECKSEC\src\CHECKSEC.Core\CHECKSEC.Core.csproj]
C:\CHECKSEC\src\CHECKSEC.Core\CHECKSEC\Core\Services\Collectors\UserRightsCollector.cs(95,29): warning CS8600: Conversion de littéral ayant une valeur null ou d'une éventuelle valeur null en type non-nullable. [C:\CHECKSEC\src\CHECKSEC.Core\CHECKSEC.Core.csproj]
C:\CHECKSEC\src\CHECKSEC.Core\CHECKSEC\Core\Services\Collectors\UserRightsCollector.cs(131,12): warning CS8603: Existence possible d'un retour de référence null. [C:\CHECKSEC\src\CHECKSEC.Core\CHECKSEC.Core.csproj]
C:\CHECKSEC\src\CHECKSEC.Core\CHECKSEC\Core\Services\Collectors\UserRightsCollector.cs(147,12): warning CS8603: Existence possible d'un retour de référence null. [C:\CHECKSEC\src\CHECKSEC.Core\CHECKSEC.Core.csproj]
C:\CHECKSEC\src\CHECKSEC.Core\CHECKSEC\Core\Services\Collectors\UserRightsCollector.cs(171,11): warning CS8603: Existence possible d'un retour de référence null. [C:\CHECKSEC\src\CHECKSEC.Core\CHECKSEC.Core.csproj]
C:\CHECKSEC\src\CHECKSEC.Core\CHECKSEC\Core\Services\Collectors\UserRightsCollector.cs(455,66): warning CS8600: Conversion de littéral ayant une valeur null ou d'une éventuelle valeur null en type non-nullable. [C:\CHECKSEC\src\CHECKSEC.Core\CHECKSEC.Core.csproj]
C:\CHECKSEC\src\CHECKSEC.Core\CHECKSEC\Core\Services\Collectors\UserRightsCollector.cs(477,66): warning CS8600: Conversion de littéral ayant une valeur null ou d'une éventuelle valeur null en type non-nullable. [C:\CHECKSEC\src\CHECKSEC.Core\CHECKSEC.Core.csproj]
C:\CHECKSEC\src\CHECKSEC.Core\CHECKSEC\Core\Services\Collectors\UserRightsCollector.cs(501,66): warning CS8600: Conversion de littéral ayant une valeur null ou d'une éventuelle valeur null en type non-nullable. [C:\CHECKSEC\src\CHECKSEC.Core\CHECKSEC.Core.csproj]
C:\CHECKSEC\src\CHECKSEC.Core\CHECKSEC\Core\Services\Collectors\UserAccountsCollector.cs(231,28): warning CS8600: Conversion de littéral ayant une valeur null ou d'une éventuelle valeur null en type non-nullable. [C:\CHECKSEC\src\CHECKSEC.Core\CHECKSEC.Core.csproj]
C:\CHECKSEC\src\CHECKSEC.Core\CHECKSEC\Core\Services\Collectors\UserAccountsCollector.cs(427,70): warning CS8600: Conversion de littéral ayant une valeur null ou d'une éventuelle valeur null en type non-nullable. [C:\CHECKSEC\src\CHECKSEC.Core\CHECKSEC.Core.csproj]
C:\CHECKSEC\src\CHECKSEC.Core\CHECKSEC\Core\Services\Collectors\UserAccountsCollector.cs(433,48): warning CS8600: Conversion de littéral ayant une valeur null ou d'une éventuelle valeur null en type non-nullable. [C:\CHECKSEC\src\CHECKSEC.Core\CHECKSEC.Core.csproj]
C:\CHECKSEC\src\CHECKSEC.Core\CHECKSEC\Core\Services\Collectors\UserAccountsCollector.cs(448,28): warning CS8600: Conversion de littéral ayant une valeur null ou d'une éventuelle valeur null en type non-nullable. [C:\CHECKSEC\src\CHECKSEC.Core\CHECKSEC.Core.csproj]
C:\CHECKSEC\src\CHECKSEC.Core\CHECKSEC\Core\Services\Collectors\UserAccountsCollector.cs(535,31): warning CS8600: Conversion de littéral ayant une valeur null ou d'une éventuelle valeur null en type non-nullable. [C:\CHECKSEC\src\CHECKSEC.Core\CHECKSEC.Core.csproj]
C:\CHECKSEC\src\CHECKSEC.Core\CHECKSEC\Core\Services\Collectors\UserAccountsCollector.cs(536,27): warning CS8600: Conversion de littéral ayant une valeur null ou d'une éventuelle valeur null en type non-nullable. [C:\CHECKSEC\src\CHECKSEC.Core\CHECKSEC.Core.csproj]
C:\CHECKSEC\src\CHECKSEC.Core\CHECKSEC\Core\Services\Collectors\UserAccountsCollector.cs(554,31): warning CS8600: Conversion de littéral ayant une valeur null ou d'une éventuelle valeur null en type non-nullable. [C:\CHECKSEC\src\CHECKSEC.Core\CHECKSEC.Core.csproj]
C:\CHECKSEC\src\CHECKSEC.Core\CHECKSEC\Core\Services\Collectors\UserAccountsCollector.cs(555,25): warning CS8600: Conversion de littéral ayant une valeur null ou d'une éventuelle valeur null en type non-nullable. [C:\CHECKSEC\src\CHECKSEC.Core\CHECKSEC.Core.csproj]
C:\CHECKSEC\src\CHECKSEC.Core\CHECKSEC\Core\Services\Collectors\UserAccountsCollector.cs(573,31): warning CS8600: Conversion de littéral ayant une valeur null ou d'une éventuelle valeur null en type non-nullable. [C:\CHECKSEC\src\CHECKSEC.Core\CHECKSEC.Core.csproj]
C:\CHECKSEC\src\CHECKSEC.Core\CHECKSEC\Core\Services\Collectors\UserAccountsCollector.cs(574,25): warning CS8600: Conversion de littéral ayant une valeur null ou d'une éventuelle valeur null en type non-nullable. [C:\CHECKSEC\src\CHECKSEC.Core\CHECKSEC.Core.csproj]
C:\CHECKSEC\src\CHECKSEC.Core\CHECKSEC\Core\Services\Collectors\UserAccountsCollector.cs(602,31): warning CS8600: Conversion de littéral ayant une valeur null ou d'une éventuelle valeur null en type non-nullable. [C:\CHECKSEC\src\CHECKSEC.Core\CHECKSEC.Core.csproj]
C:\CHECKSEC\src\CHECKSEC.Core\CHECKSEC\Core\Services\Collectors\UserAccountsCollector.cs(603,29): warning CS8600: Conversion de littéral ayant une valeur null ou d'une éventuelle valeur null en type non-nullable. [C:\CHECKSEC\src\CHECKSEC.Core\CHECKSEC.Core.csproj]
C:\CHECKSEC\src\CHECKSEC.Core\CHECKSEC\Core\Services\Collectors\UserAccountsCollector.cs(628,31): warning CS8600: Conversion de littéral ayant une valeur null ou d'une éventuelle valeur null en type non-nullable. [C:\CHECKSEC\src\CHECKSEC.Core\CHECKSEC.Core.csproj]
C:\CHECKSEC\src\CHECKSEC.Core\CHECKSEC\Core\Services\Collectors\UserAccountsCollector.cs(629,28): warning CS8600: Conversion de littéral ayant une valeur null ou d'une éventuelle valeur null en type non-nullable. [C:\CHECKSEC\src\CHECKSEC.Core\CHECKSEC.Core.csproj]
C:\CHECKSEC\src\CHECKSEC.Core\CHECKSEC\Core\Services\Collectors\UserAccountsCollector.cs(647,31): warning CS8600: Conversion de littéral ayant une valeur null ou d'une éventuelle valeur null en type non-nullable. [C:\CHECKSEC\src\CHECKSEC.Core\CHECKSEC.Core.csproj]
C:\CHECKSEC\src\CHECKSEC.Core\CHECKSEC\Core\Services\Collectors\UserAccountsCollector.cs(648,29): warning CS8600: Conversion de littéral ayant une valeur null ou d'une éventuelle valeur null en type non-nullable. [C:\CHECKSEC\src\CHECKSEC.Core\CHECKSEC.Core.csproj]
C:\CHECKSEC\src\CHECKSEC.Core\CHECKSEC\Core\Services\Collectors\UserAccountsCollector.cs(666,31): warning CS8600: Conversion de littéral ayant une valeur null ou d'une éventuelle valeur null en type non-nullable. [C:\CHECKSEC\src\CHECKSEC.Core\CHECKSEC.Core.csproj]
C:\CHECKSEC\src\CHECKSEC.Core\CHECKSEC\Core\Services\Collectors\UserAccountsCollector.cs(667,27): warning CS8600: Conversion de littéral ayant une valeur null ou d'une éventuelle valeur null en type non-nullable. [C:\CHECKSEC\src\CHECKSEC.Core\CHECKSEC.Core.csproj]
C:\CHECKSEC\src\CHECKSEC.Core\CHECKSEC\Core\Services\Collectors\UserAccountsCollector.cs(684,31): warning CS8600: Conversion de littéral ayant une valeur null ou d'une éventuelle valeur null en type non-nullable. [C:\CHECKSEC\src\CHECKSEC.Core\CHECKSEC.Core.csproj]
C:\CHECKSEC\src\CHECKSEC.Core\CHECKSEC\Core\Services\Collectors\UserAccountsCollector.cs(685,35): warning CS8600: Conversion de littéral ayant une valeur null ou d'une éventuelle valeur null en type non-nullable. [C:\CHECKSEC\src\CHECKSEC.Core\CHECKSEC.Core.csproj]
C:\CHECKSEC\src\CHECKSEC.Core\CHECKSEC\Core\Services\Collectors\UacDetailCollector.cs(52,40): warning CS8600: Conversion de littéral ayant une valeur null ou d'une éventuelle valeur null en type non-nullable. [C:\CHECKSEC\src\CHECKSEC.Core\CHECKSEC.Core.csproj]
C:\CHECKSEC\src\CHECKSEC.Core\CHECKSEC\Core\Services\Collectors\UacDetailCollector.cs(68,28): warning CS8600: Conversion de littéral ayant une valeur null ou d'une éventuelle valeur null en type non-nullable. [C:\CHECKSEC\src\CHECKSEC.Core\CHECKSEC.Core.csproj]
C:\CHECKSEC\src\CHECKSEC.Core\CHECKSEC\Core\Services\Collectors\UacDetailCollector.cs(84,30): warning CS8600: Conversion de littéral ayant une valeur null ou d'une éventuelle valeur null en type non-nullable. [C:\CHECKSEC\src\CHECKSEC.Core\CHECKSEC.Core.csproj]
C:\CHECKSEC\src\CHECKSEC.Core\CHECKSEC\Core\Services\Collectors\UacDetailCollector.cs(132,29): warning CS8600: Conversion de littéral ayant une valeur null ou d'une éventuelle valeur null en type non-nullable. [C:\CHECKSEC\src\CHECKSEC.Core\CHECKSEC.Core.csproj]
C:\CHECKSEC\src\CHECKSEC.Core\CHECKSEC\Core\Services\Collectors\UacDetailCollector.cs(155,35): warning CS8600: Conversion de littéral ayant une valeur null ou d'une éventuelle valeur null en type non-nullable. [C:\CHECKSEC\src\CHECKSEC.Core\CHECKSEC.Core.csproj]
C:\CHECKSEC\src\CHECKSEC.Core\CHECKSEC\Core\Services\Collectors\UacDetailCollector.cs(171,37): warning CS8600: Conversion de littéral ayant une valeur null ou d'une éventuelle valeur null en type non-nullable. [C:\CHECKSEC\src\CHECKSEC.Core\CHECKSEC.Core.csproj]
C:\CHECKSEC\src\CHECKSEC.Core\CHECKSEC\Core\Services\Collectors\UacDetailCollector.cs(187,32): warning CS8600: Conversion de littéral ayant une valeur null ou d'une éventuelle valeur null en type non-nullable. [C:\CHECKSEC\src\CHECKSEC.Core\CHECKSEC.Core.csproj]
C:\CHECKSEC\src\CHECKSEC.Core\CHECKSEC\Core\Services\Collectors\UacDetailCollector.cs(203,33): warning CS8600: Conversion de littéral ayant une valeur null ou d'une éventuelle valeur null en type non-nullable. [C:\CHECKSEC\src\CHECKSEC.Core\CHECKSEC.Core.csproj]
C:\CHECKSEC\src\CHECKSEC.Core\CHECKSEC\Core\Services\Collectors\UacDetailCollector.cs(219,37): warning CS8600: Conversion de littéral ayant une valeur null ou d'une éventuelle valeur null en type non-nullable. [C:\CHECKSEC\src\CHECKSEC.Core\CHECKSEC.Core.csproj]
C:\CHECKSEC\src\CHECKSEC.Core\CHECKSEC\Core\Services\Collectors\UacDetailCollector.cs(235,33): warning CS8600: Conversion de littéral ayant une valeur null ou d'une éventuelle valeur null en type non-nullable. [C:\CHECKSEC\src\CHECKSEC.Core\CHECKSEC.Core.csproj]
C:\CHECKSEC\src\CHECKSEC.Core\CHECKSEC\Core\Services\Collectors\TlsCollector.cs(89,35): warning CS8600: Conversion de littéral ayant une valeur null ou d'une éventuelle valeur null en type non-nullable. [C:\CHECKSEC\src\CHECKSEC.Core\CHECKSEC.Core.csproj]
C:\CHECKSEC\src\CHECKSEC.Core\CHECKSEC\Core\Services\Collectors\TlsCollector.cs(94,26): warning CS8600: Conversion de littéral ayant une valeur null ou d'une éventuelle valeur null en type non-nullable. [C:\CHECKSEC\src\CHECKSEC.Core\CHECKSEC.Core.csproj]
C:\CHECKSEC\src\CHECKSEC.Core\CHECKSEC\Core\Services\Collectors\TlsCollector.cs(95,36): warning CS8600: Conversion de littéral ayant une valeur null ou d'une éventuelle valeur null en type non-nullable. [C:\CHECKSEC\src\CHECKSEC.Core\CHECKSEC.Core.csproj]
C:\CHECKSEC\src\CHECKSEC.Core\CHECKSEC\Core\Services\Collectors\TlsCollector.cs(164,35): warning CS8600: Conversion de littéral ayant une valeur null ou d'une éventuelle valeur null en type non-nullable. [C:\CHECKSEC\src\CHECKSEC.Core\CHECKSEC.Core.csproj]
C:\CHECKSEC\src\CHECKSEC.Core\CHECKSEC\Core\Services\Collectors\TlsCollector.cs(168,26): warning CS8600: Conversion de littéral ayant une valeur null ou d'une éventuelle valeur null en type non-nullable. [C:\CHECKSEC\src\CHECKSEC.Core\CHECKSEC.Core.csproj]
C:\CHECKSEC\src\CHECKSEC.Core\CHECKSEC\Core\Services\Collectors\TlsCollector.cs(200,37): warning CS8600: Conversion de littéral ayant une valeur null ou d'une éventuelle valeur null en type non-nullable. [C:\CHECKSEC\src\CHECKSEC.Core\CHECKSEC.Core.csproj]
C:\CHECKSEC\src\CHECKSEC.Core\CHECKSEC\Core\Services\Collectors\TlsCollector.cs(201,28): warning CS8600: Conversion de littéral ayant une valeur null ou d'une éventuelle valeur null en type non-nullable. [C:\CHECKSEC\src\CHECKSEC.Core\CHECKSEC.Core.csproj]
C:\CHECKSEC\src\CHECKSEC.Core\CHECKSEC\Core\Services\Collectors\TlsCollector.cs(286,35): warning CS8600: Conversion de littéral ayant une valeur null ou d'une éventuelle valeur null en type non-nullable. [C:\CHECKSEC\src\CHECKSEC.Core\CHECKSEC.Core.csproj]
C:\CHECKSEC\src\CHECKSEC.Core\CHECKSEC\Core\Services\Collectors\TlsCollector.cs(287,25): warning CS8600: Conversion de littéral ayant une valeur null ou d'une éventuelle valeur null en type non-nullable. [C:\CHECKSEC\src\CHECKSEC.Core\CHECKSEC.Core.csproj]
C:\CHECKSEC\src\CHECKSEC.Core\CHECKSEC\Core\Services\Collectors\TlsCollector.cs(343,33): warning CS8600: Conversion de littéral ayant une valeur null ou d'une éventuelle valeur null en type non-nullable. [C:\CHECKSEC\src\CHECKSEC.Core\CHECKSEC.Core.csproj]
C:\CHECKSEC\src\CHECKSEC.Core\CHECKSEC\Core\Services\Collectors\TlsCollector.cs(344,25): warning CS8600: Conversion de littéral ayant une valeur null ou d'une éventuelle valeur null en type non-nullable. [C:\CHECKSEC\src\CHECKSEC.Core\CHECKSEC.Core.csproj]
C:\CHECKSEC\src\CHECKSEC.Core\CHECKSEC\Core\Services\Collectors\TlsCollector.cs(397,38): warning CS8600: Conversion de littéral ayant une valeur null ou d'une éventuelle valeur null en type non-nullable. [C:\CHECKSEC\src\CHECKSEC.Core\CHECKSEC.Core.csproj]
C:\CHECKSEC\src\CHECKSEC.Core\CHECKSEC\Core\Services\Collectors\TlsCollector.cs(398,25): warning CS8600: Conversion de littéral ayant une valeur null ou d'une éventuelle valeur null en type non-nullable. [C:\CHECKSEC\src\CHECKSEC.Core\CHECKSEC.Core.csproj]
C:\CHECKSEC\src\CHECKSEC.Core\CHECKSEC\Core\Services\Collectors\TlsCollector.cs(428,30): warning CS8600: Conversion de littéral ayant une valeur null ou d'une éventuelle valeur null en type non-nullable. [C:\CHECKSEC\src\CHECKSEC.Core\CHECKSEC.Core.csproj]
C:\CHECKSEC\src\CHECKSEC.Core\CHECKSEC\Core\Services\Collectors\TlsCollector.cs(429,29): warning CS8600: Conversion de littéral ayant une valeur null ou d'une éventuelle valeur null en type non-nullable. [C:\CHECKSEC\src\CHECKSEC.Core\CHECKSEC.Core.csproj]
C:\CHECKSEC\src\CHECKSEC.Core\CHECKSEC\Core\Services\Collectors\TlsCollector.cs(452,44): warning CS8600: Conversion de littéral ayant une valeur null ou d'une éventuelle valeur null en type non-nullable. [C:\CHECKSEC\src\CHECKSEC.Core\CHECKSEC.Core.csproj]
C:\CHECKSEC\src\CHECKSEC.Core\CHECKSEC\Core\Services\Collectors\TlsCollector.cs(453,32): warning CS8600: Conversion de littéral ayant une valeur null ou d'une éventuelle valeur null en type non-nullable. [C:\CHECKSEC\src\CHECKSEC.Core\CHECKSEC.Core.csproj]
C:\CHECKSEC\src\CHECKSEC.Core\CHECKSEC\Core\Services\Collectors\TlsCollector.cs(498,40): warning CS8600: Conversion de littéral ayant une valeur null ou d'une éventuelle valeur null en type non-nullable. [C:\CHECKSEC\src\CHECKSEC.Core\CHECKSEC.Core.csproj]
C:\CHECKSEC\src\CHECKSEC.Core\CHECKSEC\Core\Services\Collectors\TlsCollector.cs(499,31): warning CS8600: Conversion de littéral ayant une valeur null ou d'une éventuelle valeur null en type non-nullable. [C:\CHECKSEC\src\CHECKSEC.Core\CHECKSEC.Core.csproj]
C:\CHECKSEC\src\CHECKSEC.Core\CHECKSEC\Core\Services\Collectors\TlsCollector.cs(528,40): warning CS8600: Conversion de littéral ayant une valeur null ou d'une éventuelle valeur null en type non-nullable. [C:\CHECKSEC\src\CHECKSEC.Core\CHECKSEC.Core.csproj]
C:\CHECKSEC\src\CHECKSEC.Core\CHECKSEC\Core\Services\Collectors\TlsCollector.cs(529,28): warning CS8600: Conversion de littéral ayant une valeur null ou d'une éventuelle valeur null en type non-nullable. [C:\CHECKSEC\src\CHECKSEC.Core\CHECKSEC.Core.csproj]
C:\CHECKSEC\src\CHECKSEC.Core\CHECKSEC\Core\Services\Collectors\TlsCollector.cs(546,40): warning CS8600: Conversion de littéral ayant une valeur null ou d'une éventuelle valeur null en type non-nullable. [C:\CHECKSEC\src\CHECKSEC.Core\CHECKSEC.Core.csproj]
C:\CHECKSEC\src\CHECKSEC.Core\CHECKSEC\Core\Services\Collectors\TlsCollector.cs(547,34): warning CS8600: Conversion de littéral ayant une valeur null ou d'une éventuelle valeur null en type non-nullable. [C:\CHECKSEC\src\CHECKSEC.Core\CHECKSEC.Core.csproj]
C:\CHECKSEC\src\CHECKSEC.Core\CHECKSEC\Core\Services\Collectors\TlsCollector.cs(564,40): warning CS8600: Conversion de littéral ayant une valeur null ou d'une éventuelle valeur null en type non-nullable. [C:\CHECKSEC\src\CHECKSEC.Core\CHECKSEC.Core.csproj]
C:\CHECKSEC\src\CHECKSEC.Core\CHECKSEC\Core\Services\Collectors\TlsCollector.cs(565,33): warning CS8600: Conversion de littéral ayant une valeur null ou d'une éventuelle valeur null en type non-nullable. [C:\CHECKSEC\src\CHECKSEC.Core\CHECKSEC.Core.csproj]
C:\CHECKSEC\src\CHECKSEC.Core\CHECKSEC\Core\Services\Collectors\TlsCollector.cs(583,45): warning CS8600: Conversion de littéral ayant une valeur null ou d'une éventuelle valeur null en type non-nullable. [C:\CHECKSEC\src\CHECKSEC.Core\CHECKSEC.Core.csproj]
C:\CHECKSEC\src\CHECKSEC.Core\CHECKSEC\Core\Services\Collectors\TlsCollector.cs(584,33): warning CS8600: Conversion de littéral ayant une valeur null ou d'une éventuelle valeur null en type non-nullable. [C:\CHECKSEC\src\CHECKSEC.Core\CHECKSEC.Core.csproj]
C:\CHECKSEC\src\CHECKSEC.Core\CHECKSEC\Core\Services\Collectors\TlsCollector.cs(602,40): warning CS8600: Conversion de littéral ayant une valeur null ou d'une éventuelle valeur null en type non-nullable. [C:\CHECKSEC\src\CHECKSEC.Core\CHECKSEC.Core.csproj]
C:\CHECKSEC\src\CHECKSEC.Core\CHECKSEC\Core\Services\Collectors\TlsCollector.cs(603,21): warning CS8600: Conversion de littéral ayant une valeur null ou d'une éventuelle valeur null en type non-nullable. [C:\CHECKSEC\src\CHECKSEC.Core\CHECKSEC.Core.csproj]
C:\CHECKSEC\src\CHECKSEC.Core\CHECKSEC\Core\Services\Collectors\SystemInfoCollector.cs(617,43): warning CS8600: Conversion de littéral ayant une valeur null ou d'une éventuelle valeur null en type non-nullable. [C:\CHECKSEC\src\CHECKSEC.Core\CHECKSEC.Core.csproj]
C:\CHECKSEC\src\CHECKSEC.Core\CHECKSEC\Core\Services\Collectors\SystemInfoCollector.cs(632,36): warning CS8600: Conversion de littéral ayant une valeur null ou d'une éventuelle valeur null en type non-nullable. [C:\CHECKSEC\src\CHECKSEC.Core\CHECKSEC.Core.csproj]
C:\CHECKSEC\src\CHECKSEC.Core\CHECKSEC\Core\Services\Collectors\SystemInfoCollector.cs(827,38): warning CS8600: Conversion de littéral ayant une valeur null ou d'une éventuelle valeur null en type non-nullable. [C:\CHECKSEC\src\CHECKSEC.Core\CHECKSEC.Core.csproj]
C:\CHECKSEC\src\CHECKSEC.Core\CHECKSEC\Core\Services\Collectors\SystemInfoCollector.cs(850,34): warning CS8600: Conversion de littéral ayant une valeur null ou d'une éventuelle valeur null en type non-nullable. [C:\CHECKSEC\src\CHECKSEC.Core\CHECKSEC.Core.csproj]
C:\CHECKSEC\src\CHECKSEC.Core\CHECKSEC\Core\Services\Collectors\SystemInfoCollector.cs(851,25): warning CS8600: Conversion de littéral ayant une valeur null ou d'une éventuelle valeur null en type non-nullable. [C:\CHECKSEC\src\CHECKSEC.Core\CHECKSEC.Core.csproj]
C:\CHECKSEC\src\CHECKSEC.Core\CHECKSEC\Core\Services\Collectors\AzureAdCollector.cs(64,28): warning CS8600: Conversion de littéral ayant une valeur null ou d'une éventuelle valeur null en type non-nullable. [C:\CHECKSEC\src\CHECKSEC.Core\CHECKSEC.Core.csproj]
C:\CHECKSEC\src\CHECKSEC.Core\CHECKSEC\Core\Services\Collectors\AzureAdCollector.cs(108,39): warning CS8600: Conversion de littéral ayant une valeur null ou d'une éventuelle valeur null en type non-nullable. [C:\CHECKSEC\src\CHECKSEC.Core\CHECKSEC.Core.csproj]
C:\CHECKSEC\src\CHECKSEC.Core\CHECKSEC\Core\Services\Collectors\SystemHardeningExtraCollector.cs(181,31): warning CS8600: Conversion de littéral ayant une valeur null ou d'une éventuelle valeur null en type non-nullable. [C:\CHECKSEC\src\CHECKSEC.Core\CHECKSEC.Core.csproj]
C:\CHECKSEC\src\CHECKSEC.Core\CHECKSEC\Core\Services\Collectors\SystemHardeningExtraCollector.cs(182,19): warning CS8600: Conversion de littéral ayant une valeur null ou d'une éventuelle valeur null en type non-nullable. [C:\CHECKSEC\src\CHECKSEC.Core\CHECKSEC.Core.csproj]
C:\CHECKSEC\src\CHECKSEC.Core\CHECKSEC\Core\Services\Collectors\SystemHardeningExtraCollector.cs(199,31): warning CS8600: Conversion de littéral ayant une valeur null ou d'une éventuelle valeur null en type non-nullable. [C:\CHECKSEC\src\CHECKSEC.Core\CHECKSEC.Core.csproj]
C:\CHECKSEC\src\CHECKSEC.Core\CHECKSEC\Core\Services\Collectors\AzureAdCollector.cs(137,32): warning CS8600: Conversion de littéral ayant une valeur null ou d'une éventuelle valeur null en type non-nullable. [C:\CHECKSEC\src\CHECKSEC.Core\CHECKSEC.Core.csproj]
C:\CHECKSEC\src\CHECKSEC.Core\CHECKSEC\Core\Services\Collectors\AzureAdCollector.cs(148,38): warning CS8600: Conversion de littéral ayant une valeur null ou d'une éventuelle valeur null en type non-nullable. [C:\CHECKSEC\src\CHECKSEC.Core\CHECKSEC.Core.csproj]
C:\CHECKSEC\src\CHECKSEC.Core\CHECKSEC\Core\Services\Collectors\AzureAdCollector.cs(154,39): warning CS8600: Conversion de littéral ayant une valeur null ou d'une éventuelle valeur null en type non-nullable. [C:\CHECKSEC\src\CHECKSEC.Core\CHECKSEC.Core.csproj]
C:\CHECKSEC\src\CHECKSEC.Core\CHECKSEC\Core\Services\Collectors\AzureAdCollector.cs(155,29): warning CS8600: Conversion de littéral ayant une valeur null ou d'une éventuelle valeur null en type non-nullable. [C:\CHECKSEC\src\CHECKSEC.Core\CHECKSEC.Core.csproj]
C:\CHECKSEC\src\CHECKSEC.Core\CHECKSEC\Core\Services\Collectors\AzureAdCollector.cs(230,39): warning CS8600: Conversion de littéral ayant une valeur null ou d'une éventuelle valeur null en type non-nullable. [C:\CHECKSEC\src\CHECKSEC.Core\CHECKSEC.Core.csproj]
C:\CHECKSEC\src\CHECKSEC.Core\CHECKSEC\Core\Services\Collectors\AzureAdCollector.cs(237,40): warning CS8600: Conversion de littéral ayant une valeur null ou d'une éventuelle valeur null en type non-nullable. [C:\CHECKSEC\src\CHECKSEC.Core\CHECKSEC.Core.csproj]
C:\CHECKSEC\src\CHECKSEC.Core\CHECKSEC\Core\Services\Collectors\AzureAdCollector.cs(265,34): warning CS8600: Conversion de littéral ayant une valeur null ou d'une éventuelle valeur null en type non-nullable. [C:\CHECKSEC\src\CHECKSEC.Core\CHECKSEC.Core.csproj]
C:\CHECKSEC\src\CHECKSEC.Core\CHECKSEC\Core\Services\Collectors\BluetoothCollector.cs(58,34): warning CS8600: Conversion de littéral ayant une valeur null ou d'une éventuelle valeur null en type non-nullable. [C:\CHECKSEC\src\CHECKSEC.Core\CHECKSEC.Core.csproj]
C:\CHECKSEC\src\CHECKSEC.Core\CHECKSEC\Core\Services\Collectors\BluetoothCollector.cs(59,28): warning CS8600: Conversion de littéral ayant une valeur null ou d'une éventuelle valeur null en type non-nullable. [C:\CHECKSEC\src\CHECKSEC.Core\CHECKSEC.Core.csproj]
C:\CHECKSEC\src\CHECKSEC.Core\CHECKSEC\Core\Services\Collectors\AzureAdCollector.cs(299,31): warning CS8600: Conversion de littéral ayant une valeur null ou d'une éventuelle valeur null en type non-nullable. [C:\CHECKSEC\src\CHECKSEC.Core\CHECKSEC.Core.csproj]
C:\CHECKSEC\src\CHECKSEC.Core\CHECKSEC\Core\Services\Collectors\BluetoothCollector.cs(128,35): warning CS8600: Conversion de littéral ayant une valeur null ou d'une éventuelle valeur null en type non-nullable. [C:\CHECKSEC\src\CHECKSEC.Core\CHECKSEC.Core.csproj]
C:\CHECKSEC\src\CHECKSEC.Core\CHECKSEC\Core\Services\Collectors\BluetoothCollector.cs(144,27): warning CS8600: Conversion de littéral ayant une valeur null ou d'une éventuelle valeur null en type non-nullable. [C:\CHECKSEC\src\CHECKSEC.Core\CHECKSEC.Core.csproj]
C:\CHECKSEC\src\CHECKSEC.Core\CHECKSEC\Core\Services\Collectors\BluetoothCollector.cs(174,33): warning CS8600: Conversion de littéral ayant une valeur null ou d'une éventuelle valeur null en type non-nullable. [C:\CHECKSEC\src\CHECKSEC.Core\CHECKSEC.Core.csproj]
C:\CHECKSEC\src\CHECKSEC.Core\CHECKSEC\Core\Services\Collectors\BootIntegrityCollector.cs(127,25): warning CS8600: Conversion de littéral ayant une valeur null ou d'une éventuelle valeur null en type non-nullable. [C:\CHECKSEC\src\CHECKSEC.Core\CHECKSEC.Core.csproj]
C:\CHECKSEC\src\CHECKSEC.Core\CHECKSEC\Core\Services\Collectors\AzureAdCollector.cs(348,36): warning CS8600: Conversion de littéral ayant une valeur null ou d'une éventuelle valeur null en type non-nullable. [C:\CHECKSEC\src\CHECKSEC.Core\CHECKSEC.Core.csproj]
C:\CHECKSEC\src\CHECKSEC.Core\CHECKSEC\Core\Services\Collectors\AzureAdCollector.cs(349,26): warning CS8600: Conversion de littéral ayant une valeur null ou d'une éventuelle valeur null en type non-nullable. [C:\CHECKSEC\src\CHECKSEC.Core\CHECKSEC.Core.csproj]
C:\CHECKSEC\src\CHECKSEC.Core\CHECKSEC\Core\Services\Collectors\AzureAdCollector.cs(362,32): warning CS8600: Conversion de littéral ayant une valeur null ou d'une éventuelle valeur null en type non-nullable. [C:\CHECKSEC\src\CHECKSEC.Core\CHECKSEC.Core.csproj]
C:\CHECKSEC\src\CHECKSEC.Core\CHECKSEC\Core\Services\Collectors\AzureAdCollector.cs(363,24): warning CS8600: Conversion de littéral ayant une valeur null ou d'une éventuelle valeur null en type non-nullable. [C:\CHECKSEC\src\CHECKSEC.Core\CHECKSEC.Core.csproj]
C:\CHECKSEC\src\CHECKSEC.Core\CHECKSEC\Core\Services\Collectors\AzureAdCollector.cs(377,34): warning CS8600: Conversion de littéral ayant une valeur null ou d'une éventuelle valeur null en type non-nullable. [C:\CHECKSEC\src\CHECKSEC.Core\CHECKSEC.Core.csproj]
C:\CHECKSEC\src\CHECKSEC.Core\CHECKSEC\Core\Services\Collectors\BootIntegrityCollector.cs(261,59): warning CS8600: Conversion de littéral ayant une valeur null ou d'une éventuelle valeur null en type non-nullable. [C:\CHECKSEC\src\CHECKSEC.Core\CHECKSEC.Core.csproj]
C:\CHECKSEC\src\CHECKSEC.Core\CHECKSEC\Core\Services\Collectors\BootIntegrityCollector.cs(262,49): warning CS8604: Existence possible d'un argument de référence null pour le paramètre 'value' dans 'bool BootIntegrityCollector.IsBcdValueEnabled(string value)'. [C:\CHECKSEC\src\CHECKSEC.Core\CHECKSEC.Core.csproj]
C:\CHECKSEC\src\CHECKSEC.Core\CHECKSEC\Core\Services\Collectors\BitLockerCollector.cs(207,35): warning CS8600: Conversion de littéral ayant une valeur null ou d'une éventuelle valeur null en type non-nullable. [C:\CHECKSEC\src\CHECKSEC.Core\CHECKSEC.Core.csproj]
C:\CHECKSEC\src\CHECKSEC.Core\CHECKSEC\Core\Services\Collectors\AzureAdCollector.cs(405,34): warning CS8600: Conversion de littéral ayant une valeur null ou d'une éventuelle valeur null en type non-nullable. [C:\CHECKSEC\src\CHECKSEC.Core\CHECKSEC.Core.csproj]
C:\CHECKSEC\src\CHECKSEC.Core\CHECKSEC\Core\Services\Collectors\AzureAdCollector.cs(406,30): warning CS8600: Conversion de littéral ayant une valeur null ou d'une éventuelle valeur null en type non-nullable. [C:\CHECKSEC\src\CHECKSEC.Core\CHECKSEC.Core.csproj]
C:\CHECKSEC\src\CHECKSEC.Core\CHECKSEC\Core\Services\Collectors\AzureAdCollector.cs(419,35): warning CS8600: Conversion de littéral ayant une valeur null ou d'une éventuelle valeur null en type non-nullable. [C:\CHECKSEC\src\CHECKSEC.Core\CHECKSEC.Core.csproj]
C:\CHECKSEC\src\CHECKSEC.Core\CHECKSEC\Core\Services\Collectors\AzureAdCollector.cs(420,26): warning CS8600: Conversion de littéral ayant une valeur null ou d'une éventuelle valeur null en type non-nullable. [C:\CHECKSEC\src\CHECKSEC.Core\CHECKSEC.Core.csproj]
C:\CHECKSEC\src\CHECKSEC.Core\CHECKSEC\Core\Services\Collectors\AzureAdCollector.cs(434,42): warning CS8600: Conversion de littéral ayant une valeur null ou d'une éventuelle valeur null en type non-nullable. [C:\CHECKSEC\src\CHECKSEC.Core\CHECKSEC.Core.csproj]
C:\CHECKSEC\src\CHECKSEC.Core\CHECKSEC\Core\Services\Collectors\AzureAdCollector.cs(435,34): warning CS8600: Conversion de littéral ayant une valeur null ou d'une éventuelle valeur null en type non-nullable. [C:\CHECKSEC\src\CHECKSEC.Core\CHECKSEC.Core.csproj]
C:\CHECKSEC\src\CHECKSEC.Core\CHECKSEC\Core\Services\Collectors\BootIntegrityCollector.cs(288,65): warning CS8600: Conversion de littéral ayant une valeur null ou d'une éventuelle valeur null en type non-nullable. [C:\CHECKSEC\src\CHECKSEC.Core\CHECKSEC.Core.csproj]
C:\CHECKSEC\src\CHECKSEC.Core\CHECKSEC\Core\Services\Collectors\BootIntegrityCollector.cs(289,71): warning CS8600: Conversion de littéral ayant une valeur null ou d'une éventuelle valeur null en type non-nullable. [C:\CHECKSEC\src\CHECKSEC.Core\CHECKSEC.Core.csproj]
C:\CHECKSEC\src\CHECKSEC.Core\CHECKSEC\Core\Services\Collectors\BootIntegrityCollector.cs(345,31): warning CS8600: Conversion de littéral ayant une valeur null ou d'une éventuelle valeur null en type non-nullable. [C:\CHECKSEC\src\CHECKSEC.Core\CHECKSEC.Core.csproj]
C:\CHECKSEC\src\CHECKSEC.Core\CHECKSEC\Core\Services\Collectors\BootIntegrityCollector.cs(349,35): warning CS8600: Conversion de littéral ayant une valeur null ou d'une éventuelle valeur null en type non-nullable. [C:\CHECKSEC\src\CHECKSEC.Core\CHECKSEC.Core.csproj]
C:\CHECKSEC\src\CHECKSEC.Core\CHECKSEC\Core\Services\Collectors\BootIntegrityCollector.cs(351,26): warning CS8600: Conversion de littéral ayant une valeur null ou d'une éventuelle valeur null en type non-nullable. [C:\CHECKSEC\src\CHECKSEC.Core\CHECKSEC.Core.csproj]
C:\CHECKSEC\src\CHECKSEC.Core\CHECKSEC\Core\Services\Collectors\BootIntegrityCollector.cs(352,22): warning CS8600: Conversion de littéral ayant une valeur null ou d'une éventuelle valeur null en type non-nullable. [C:\CHECKSEC\src\CHECKSEC.Core\CHECKSEC.Core.csproj]
C:\CHECKSEC\src\CHECKSEC.Core\CHECKSEC\Core\Services\Collectors\AzureAdCollector.cs(470,36): warning CS8600: Conversion de littéral ayant une valeur null ou d'une éventuelle valeur null en type non-nullable. [C:\CHECKSEC\src\CHECKSEC.Core\CHECKSEC.Core.csproj]
C:\CHECKSEC\src\CHECKSEC.Core\CHECKSEC\Core\Services\Collectors\AzureAdCollector.cs(474,24): warning CS8600: Conversion de littéral ayant une valeur null ou d'une éventuelle valeur null en type non-nullable. [C:\CHECKSEC\src\CHECKSEC.Core\CHECKSEC.Core.csproj]
C:\CHECKSEC\src\CHECKSEC.Core\CHECKSEC\Core\Services\Collectors\AzureAdCollector.cs(488,36): warning CS8600: Conversion de littéral ayant une valeur null ou d'une éventuelle valeur null en type non-nullable. [C:\CHECKSEC\src\CHECKSEC.Core\CHECKSEC.Core.csproj]
C:\CHECKSEC\src\CHECKSEC.Core\CHECKSEC\Core\Services\Collectors\BootIntegrityCollector.cs(427,31): warning CS8600: Conversion de littéral ayant une valeur null ou d'une éventuelle valeur null en type non-nullable. [C:\CHECKSEC\src\CHECKSEC.Core\CHECKSEC.Core.csproj]
C:\CHECKSEC\src\CHECKSEC.Core\CHECKSEC\Core\Services\Collectors\BootIntegrityCollector.cs(428,19): warning CS8600: Conversion de littéral ayant une valeur null ou d'une éventuelle valeur null en type non-nullable. [C:\CHECKSEC\src\CHECKSEC.Core\CHECKSEC.Core.csproj]
C:\CHECKSEC\src\CHECKSEC.Core\CHECKSEC\Core\Services\Collectors\BitLockerCollector.cs(348,28): warning CS8600: Conversion de littéral ayant une valeur null ou d'une éventuelle valeur null en type non-nullable. [C:\CHECKSEC\src\CHECKSEC.Core\CHECKSEC.Core.csproj]
C:\CHECKSEC\src\CHECKSEC.Core\CHECKSEC\Core\Services\Collectors\SoftwareInventoryCollector.cs(225,38): warning CS8600: Conversion de littéral ayant une valeur null ou d'une éventuelle valeur null en type non-nullable. [C:\CHECKSEC\src\CHECKSEC.Core\CHECKSEC.Core.csproj]
C:\CHECKSEC\src\CHECKSEC.Core\CHECKSEC\Core\Services\Collectors\SoftwareInventoryCollector.cs(234,35): warning CS8600: Conversion de littéral ayant une valeur null ou d'une éventuelle valeur null en type non-nullable. [C:\CHECKSEC\src\CHECKSEC.Core\CHECKSEC.Core.csproj]
C:\CHECKSEC\src\CHECKSEC.Core\CHECKSEC\Core\Services\Collectors\SoftwareInventoryCollector.cs(242,40): warning CS8600: Conversion de littéral ayant une valeur null ou d'une éventuelle valeur null en type non-nullable. [C:\CHECKSEC\src\CHECKSEC.Core\CHECKSEC.Core.csproj]
C:\CHECKSEC\src\CHECKSEC.Core\CHECKSEC\Core\Services\Collectors\SoftwareInventoryCollector.cs(263,29): warning CS8600: Conversion de littéral ayant une valeur null ou d'une éventuelle valeur null en type non-nullable. [C:\CHECKSEC\src\CHECKSEC.Core\CHECKSEC.Core.csproj]
C:\CHECKSEC\src\CHECKSEC.Core\CHECKSEC\Core\Services\Collectors\BitLockerCollector.cs(468,31): warning CS8600: Conversion de littéral ayant une valeur null ou d'une éventuelle valeur null en type non-nullable. [C:\CHECKSEC\src\CHECKSEC.Core\CHECKSEC.Core.csproj]
C:\CHECKSEC\src\CHECKSEC.Core\CHECKSEC\Core\Services\Collectors\BitLockerCollector.cs(469,22): warning CS8600: Conversion de littéral ayant une valeur null ou d'une éventuelle valeur null en type non-nullable. [C:\CHECKSEC\src\CHECKSEC.Core\CHECKSEC.Core.csproj]
C:\CHECKSEC\src\CHECKSEC.Core\CHECKSEC\Core\Services\Collectors\BitLockerCollector.cs(486,31): warning CS8600: Conversion de littéral ayant une valeur null ou d'une éventuelle valeur null en type non-nullable. [C:\CHECKSEC\src\CHECKSEC.Core\CHECKSEC.Core.csproj]
C:\CHECKSEC\src\CHECKSEC.Core\CHECKSEC\Core\Services\Collectors\BitLockerCollector.cs(487,22): warning CS8600: Conversion de littéral ayant une valeur null ou d'une éventuelle valeur null en type non-nullable. [C:\CHECKSEC\src\CHECKSEC.Core\CHECKSEC.Core.csproj]
C:\CHECKSEC\src\CHECKSEC.Core\CHECKSEC\Core\Services\Collectors\BitLockerCollector.cs(505,31): warning CS8600: Conversion de littéral ayant une valeur null ou d'une éventuelle valeur null en type non-nullable. [C:\CHECKSEC\src\CHECKSEC.Core\CHECKSEC.Core.csproj]
C:\CHECKSEC\src\CHECKSEC.Core\CHECKSEC\Core\Services\Collectors\BitLockerCollector.cs(506,22): warning CS8600: Conversion de littéral ayant une valeur null ou d'une éventuelle valeur null en type non-nullable. [C:\CHECKSEC\src\CHECKSEC.Core\CHECKSEC.Core.csproj]
C:\CHECKSEC\src\CHECKSEC.Core\CHECKSEC\Core\Services\Collectors\BitLockerCollector.cs(535,31): warning CS8600: Conversion de littéral ayant une valeur null ou d'une éventuelle valeur null en type non-nullable. [C:\CHECKSEC\src\CHECKSEC.Core\CHECKSEC.Core.csproj]
C:\CHECKSEC\src\CHECKSEC.Core\CHECKSEC\Core\Services\Collectors\BitLockerCollector.cs(536,22): warning CS8600: Conversion de littéral ayant une valeur null ou d'une éventuelle valeur null en type non-nullable. [C:\CHECKSEC\src\CHECKSEC.Core\CHECKSEC.Core.csproj]
C:\CHECKSEC\src\CHECKSEC.Core\CHECKSEC\Core\Services\Collectors\BitLockerCollector.cs(565,31): warning CS8600: Conversion de littéral ayant une valeur null ou d'une éventuelle valeur null en type non-nullable. [C:\CHECKSEC\src\CHECKSEC.Core\CHECKSEC.Core.csproj]
C:\CHECKSEC\src\CHECKSEC.Core\CHECKSEC\Core\Services\Collectors\BitLockerCollector.cs(566,22): warning CS8600: Conversion de littéral ayant une valeur null ou d'une éventuelle valeur null en type non-nullable. [C:\CHECKSEC\src\CHECKSEC.Core\CHECKSEC.Core.csproj]
C:\CHECKSEC\src\CHECKSEC.Core\CHECKSEC\Core\Services\Collectors\BitLockerCollector.cs(613,31): warning CS8600: Conversion de littéral ayant une valeur null ou d'une éventuelle valeur null en type non-nullable. [C:\CHECKSEC\src\CHECKSEC.Core\CHECKSEC.Core.csproj]
C:\CHECKSEC\src\CHECKSEC.Core\CHECKSEC\Core\Services\Collectors\BitLockerCollector.cs(614,22): warning CS8600: Conversion de littéral ayant une valeur null ou d'une éventuelle valeur null en type non-nullable. [C:\CHECKSEC\src\CHECKSEC.Core\CHECKSEC.Core.csproj]
C:\CHECKSEC\src\CHECKSEC.Core\CHECKSEC\Core\Services\Collectors\SoftwareInventoryCollector.cs(556,36): warning CS8600: Conversion de littéral ayant une valeur null ou d'une éventuelle valeur null en type non-nullable. [C:\CHECKSEC\src\CHECKSEC.Core\CHECKSEC.Core.csproj]
C:\CHECKSEC\src\CHECKSEC.Core\CHECKSEC\Core\Services\Collectors\SoftwareInventoryCollector.cs(562,43): warning CS8600: Conversion de littéral ayant une valeur null ou d'une éventuelle valeur null en type non-nullable. [C:\CHECKSEC\src\CHECKSEC.Core\CHECKSEC.Core.csproj]
C:\CHECKSEC\src\CHECKSEC.Core\CHECKSEC\Core\Services\Collectors\SoftwareInventoryCollector.cs(611,36): warning CS8600: Conversion de littéral ayant une valeur null ou d'une éventuelle valeur null en type non-nullable. [C:\CHECKSEC\src\CHECKSEC.Core\CHECKSEC.Core.csproj]
C:\CHECKSEC\src\CHECKSEC.Core\CHECKSEC\Core\Services\Collectors\SoftwareInventoryCollector.cs(643,39): warning CS8600: Conversion de littéral ayant une valeur null ou d'une éventuelle valeur null en type non-nullable. [C:\CHECKSEC\src\CHECKSEC.Core\CHECKSEC.Core.csproj]
C:\CHECKSEC\src\CHECKSEC.Core\CHECKSEC\Core\Services\Collectors\SoftwareInventoryCollector.cs(646,29): warning CS8600: Conversion de littéral ayant une valeur null ou d'une éventuelle valeur null en type non-nullable. [C:\CHECKSEC\src\CHECKSEC.Core\CHECKSEC.Core.csproj]
C:\CHECKSEC\src\CHECKSEC.Core\CHECKSEC\Core\Services\Collectors\SoftwareInventoryCollector.cs(727,31): warning CS8600: Conversion de littéral ayant une valeur null ou d'une éventuelle valeur null en type non-nullable. [C:\CHECKSEC\src\CHECKSEC.Core\CHECKSEC.Core.csproj]
C:\CHECKSEC\src\CHECKSEC.Core\CHECKSEC\Core\Services\Collectors\SoftwareInventoryCollector.cs(736,38): warning CS8600: Conversion de littéral ayant une valeur null ou d'une éventuelle valeur null en type non-nullable. [C:\CHECKSEC\src\CHECKSEC.Core\CHECKSEC.Core.csproj]
C:\CHECKSEC\src\CHECKSEC.Core\CHECKSEC\Core\Services\Collectors\SoftwareInventoryCollector.cs(739,30): warning CS8600: Conversion de littéral ayant une valeur null ou d'une éventuelle valeur null en type non-nullable. [C:\CHECKSEC\src\CHECKSEC.Core\CHECKSEC.Core.csproj]
C:\CHECKSEC\src\CHECKSEC.Core\CHECKSEC\Core\Services\Collectors\SoftwareInventoryCollector.cs(740,25): warning CS8600: Conversion de littéral ayant une valeur null ou d'une éventuelle valeur null en type non-nullable. [C:\CHECKSEC\src\CHECKSEC.Core\CHECKSEC.Core.csproj]
C:\CHECKSEC\src\CHECKSEC.Core\CHECKSEC\Core\Services\Collectors\SoftwareInventoryCollector.cs(741,31): warning CS8600: Conversion de littéral ayant une valeur null ou d'une éventuelle valeur null en type non-nullable. [C:\CHECKSEC\src\CHECKSEC.Core\CHECKSEC.Core.csproj]
C:\CHECKSEC\src\CHECKSEC.Core\CHECKSEC\Core\Services\Collectors\SoftwareInventoryCollector.cs(750,32): warning CS8600: Conversion de littéral ayant une valeur null ou d'une éventuelle valeur null en type non-nullable. [C:\CHECKSEC\src\CHECKSEC.Core\CHECKSEC.Core.csproj]
C:\CHECKSEC\src\CHECKSEC.Core\CHECKSEC\Core\Services\Collectors\SoftwareInventoryCollector.cs(753,27): warning CS8600: Conversion de littéral ayant une valeur null ou d'une éventuelle valeur null en type non-nullable. [C:\CHECKSEC\src\CHECKSEC.Core\CHECKSEC.Core.csproj]
C:\CHECKSEC\src\CHECKSEC.Core\CHECKSEC\Core\Services\Collectors\SoftwareInventoryCollector.cs(783,36): warning CS8600: Conversion de littéral ayant une valeur null ou d'une éventuelle valeur null en type non-nullable. [C:\CHECKSEC\src\CHECKSEC.Core\CHECKSEC.Core.csproj]
C:\CHECKSEC\src\CHECKSEC.Core\CHECKSEC\Core\Services\Collectors\SoftwareInventoryCollector.cs(797,31): warning CS8600: Conversion de littéral ayant une valeur null ou d'une éventuelle valeur null en type non-nullable. [C:\CHECKSEC\src\CHECKSEC.Core\CHECKSEC.Core.csproj]
C:\CHECKSEC\src\CHECKSEC.Core\CHECKSEC\Core\Services\Collectors\SoftwareInventoryCollector.cs(990,36): warning CS8600: Conversion de littéral ayant une valeur null ou d'une éventuelle valeur null en type non-nullable. [C:\CHECKSEC\src\CHECKSEC.Core\CHECKSEC.Core.csproj]
C:\CHECKSEC\src\CHECKSEC.Core\CHECKSEC\Core\Services\Collectors\SoftwareInventoryCollector.cs(1019,37): warning CS8600: Conversion de littéral ayant une valeur null ou d'une éventuelle valeur null en type non-nullable. [C:\CHECKSEC\src\CHECKSEC.Core\CHECKSEC.Core.csproj]
C:\CHECKSEC\src\CHECKSEC.Core\CHECKSEC\Core\Services\Collectors\SmbHardeningCollector.cs(60,40): warning CS8600: Conversion de littéral ayant une valeur null ou d'une éventuelle valeur null en type non-nullable. [C:\CHECKSEC\src\CHECKSEC.Core\CHECKSEC.Core.csproj]
C:\CHECKSEC\src\CHECKSEC.Core\CHECKSEC\Core\Services\Collectors\SmbHardeningCollector.cs(61,23): warning CS8600: Conversion de littéral ayant une valeur null ou d'une éventuelle valeur null en type non-nullable. [C:\CHECKSEC\src\CHECKSEC.Core\CHECKSEC.Core.csproj]
C:\CHECKSEC\src\CHECKSEC.Core\CHECKSEC\Core\Services\Collectors\SmbHardeningCollector.cs(63,38): warning CS8600: Conversion de littéral ayant une valeur null ou d'une éventuelle valeur null en type non-nullable. [C:\CHECKSEC\src\CHECKSEC.Core\CHECKSEC.Core.csproj]
C:\CHECKSEC\src\CHECKSEC.Core\CHECKSEC\Core\Services\Collectors\SmbHardeningCollector.cs(64,34): warning CS8600: Conversion de littéral ayant une valeur null ou d'une éventuelle valeur null en type non-nullable. [C:\CHECKSEC\src\CHECKSEC.Core\CHECKSEC.Core.csproj]
C:\CHECKSEC\src\CHECKSEC.Core\CHECKSEC\Core\Services\Collectors\SmbHardeningCollector.cs(103,40): warning CS8600: Conversion de littéral ayant une valeur null ou d'une éventuelle valeur null en type non-nullable. [C:\CHECKSEC\src\CHECKSEC.Core\CHECKSEC.Core.csproj]
C:\CHECKSEC\src\CHECKSEC.Core\CHECKSEC\Core\Services\Collectors\SmbHardeningCollector.cs(104,32): warning CS8600: Conversion de littéral ayant une valeur null ou d'une éventuelle valeur null en type non-nullable. [C:\CHECKSEC\src\CHECKSEC.Core\CHECKSEC.Core.csproj]
C:\CHECKSEC\src\CHECKSEC.Core\CHECKSEC\Core\Services\Collectors\SmbHardeningCollector.cs(117,40): warning CS8600: Conversion de littéral ayant une valeur null ou d'une éventuelle valeur null en type non-nullable. [C:\CHECKSEC\src\CHECKSEC.Core\CHECKSEC.Core.csproj]
C:\CHECKSEC\src\CHECKSEC.Core\CHECKSEC\Core\Services\Collectors\SmbHardeningCollector.cs(118,32): warning CS8600: Conversion de littéral ayant une valeur null ou d'une éventuelle valeur null en type non-nullable. [C:\CHECKSEC\src\CHECKSEC.Core\CHECKSEC.Core.csproj]
C:\CHECKSEC\src\CHECKSEC.Core\CHECKSEC\Core\Services\Collectors\SmbHardeningCollector.cs(156,40): warning CS8600: Conversion de littéral ayant une valeur null ou d'une éventuelle valeur null en type non-nullable. [C:\CHECKSEC\src\CHECKSEC.Core\CHECKSEC.Core.csproj]
C:\CHECKSEC\src\CHECKSEC.Core\CHECKSEC\Core\Services\Collectors\SmbHardeningCollector.cs(157,30): warning CS8600: Conversion de littéral ayant une valeur null ou d'une éventuelle valeur null en type non-nullable. [C:\CHECKSEC\src\CHECKSEC.Core\CHECKSEC.Core.csproj]
C:\CHECKSEC\src\CHECKSEC.Core\CHECKSEC\Core\Services\Collectors\SmbHardeningCollector.cs(170,36): warning CS8600: Conversion de littéral ayant une valeur null ou d'une éventuelle valeur null en type non-nullable. [C:\CHECKSEC\src\CHECKSEC.Core\CHECKSEC.Core.csproj]
C:\CHECKSEC\src\CHECKSEC.Core\CHECKSEC\Core\Services\Collectors\BrowserHardeningCollector.cs(139,24): warning CS8600: Conversion de littéral ayant une valeur null ou d'une éventuelle valeur null en type non-nullable. [C:\CHECKSEC\src\CHECKSEC.Core\CHECKSEC.Core.csproj]
C:\CHECKSEC\src\CHECKSEC.Core\CHECKSEC\Core\Services\Collectors\BrowserHardeningCollector.cs(181,20): warning CS8600: Conversion de littéral ayant une valeur null ou d'une éventuelle valeur null en type non-nullable. [C:\CHECKSEC\src\CHECKSEC.Core\CHECKSEC.Core.csproj]
C:\CHECKSEC\src\CHECKSEC.Core\CHECKSEC\Core\Services\Collectors\BrowserHardeningCollector.cs(254,24): warning CS8600: Conversion de littéral ayant une valeur null ou d'une éventuelle valeur null en type non-nullable. [C:\CHECKSEC\src\CHECKSEC.Core\CHECKSEC.Core.csproj]
C:\CHECKSEC\src\CHECKSEC.Core\CHECKSEC\Core\Services\Collectors\BrowserHardeningCollector.cs(323,31): warning CS8600: Conversion de littéral ayant une valeur null ou d'une éventuelle valeur null en type non-nullable. [C:\CHECKSEC\src\CHECKSEC.Core\CHECKSEC.Core.csproj]
C:\CHECKSEC\src\CHECKSEC.Core\CHECKSEC\Core\Services\Collectors\BrowserHardeningCollector.cs(324,19): warning CS8600: Conversion de littéral ayant une valeur null ou d'une éventuelle valeur null en type non-nullable. [C:\CHECKSEC\src\CHECKSEC.Core\CHECKSEC.Core.csproj]
C:\CHECKSEC\src\CHECKSEC.Core\CHECKSEC\Core\Services\Collectors\BrowserHardeningCollector.cs(339,31): warning CS8600: Conversion de littéral ayant une valeur null ou d'une éventuelle valeur null en type non-nullable. [C:\CHECKSEC\src\CHECKSEC.Core\CHECKSEC.Core.csproj]
C:\CHECKSEC\src\CHECKSEC.Core\CHECKSEC\Core\Services\Collectors\BrowserHardeningCollector.cs(354,31): warning CS8600: Conversion de littéral ayant une valeur null ou d'une éventuelle valeur null en type non-nullable. [C:\CHECKSEC\src\CHECKSEC.Core\CHECKSEC.Core.csproj]
C:\CHECKSEC\src\CHECKSEC.Core\CHECKSEC\Core\Services\Collectors\CertificateCollector.cs(83,22): warning CS8600: Conversion de littéral ayant une valeur null ou d'une éventuelle valeur null en type non-nullable. [C:\CHECKSEC\src\CHECKSEC.Core\CHECKSEC.Core.csproj]
C:\CHECKSEC\src\CHECKSEC.Core\CHECKSEC\Core\Services\Collectors\CertificateCollector.cs(92,27): warning CS8600: Conversion de littéral ayant une valeur null ou d'une éventuelle valeur null en type non-nullable. [C:\CHECKSEC\src\CHECKSEC.Core\CHECKSEC.Core.csproj]
C:\CHECKSEC\src\CHECKSEC.Core\CHECKSEC\Core\Services\Collectors\CertificateCollector.cs(113,30): warning CS8600: Conversion de littéral ayant une valeur null ou d'une éventuelle valeur null en type non-nullable. [C:\CHECKSEC\src\CHECKSEC.Core\CHECKSEC.Core.csproj]
C:\CHECKSEC\src\CHECKSEC.Core\CHECKSEC\Core\Services\Collectors\CredentialDelegationCollector.cs(58,37): warning CS8600: Conversion de littéral ayant une valeur null ou d'une éventuelle valeur null en type non-nullable. [C:\CHECKSEC\src\CHECKSEC.Core\CHECKSEC.Core.csproj]
C:\CHECKSEC\src\CHECKSEC.Core\CHECKSEC\Core\Services\Collectors\CredentialDelegationCollector.cs(74,31): warning CS8600: Conversion de littéral ayant une valeur null ou d'une éventuelle valeur null en type non-nullable. [C:\CHECKSEC\src\CHECKSEC.Core\CHECKSEC.Core.csproj]
C:\CHECKSEC\src\CHECKSEC.Core\CHECKSEC\Core\Services\Collectors\CredentialDelegationCollector.cs(90,29): warning CS8600: Conversion de littéral ayant une valeur null ou d'une éventuelle valeur null en type non-nullable. [C:\CHECKSEC\src\CHECKSEC.Core\CHECKSEC.Core.csproj]
C:\CHECKSEC\src\CHECKSEC.Core\CHECKSEC\Core\Services\Collectors\CredentialDelegationCollector.cs(106,29): warning CS8600: Conversion de littéral ayant une valeur null ou d'une éventuelle valeur null en type non-nullable. [C:\CHECKSEC\src\CHECKSEC.Core\CHECKSEC.Core.csproj]
C:\CHECKSEC\src\CHECKSEC.Core\CHECKSEC\Core\Services\Collectors\CredentialDelegationCollector.cs(122,40): warning CS8600: Conversion de littéral ayant une valeur null ou d'une éventuelle valeur null en type non-nullable. [C:\CHECKSEC\src\CHECKSEC.Core\CHECKSEC.Core.csproj]
C:\CHECKSEC\src\CHECKSEC.Core\CHECKSEC\Core\Services\Collectors\CredentialDelegationCollector.cs(163,35): warning CS8600: Conversion de littéral ayant une valeur null ou d'une éventuelle valeur null en type non-nullable. [C:\CHECKSEC\src\CHECKSEC.Core\CHECKSEC.Core.csproj]
C:\CHECKSEC\src\CHECKSEC.Core\CHECKSEC\Core\Services\Collectors\CredentialDelegationCollector.cs(164,35): warning CS8600: Conversion de littéral ayant une valeur null ou d'une éventuelle valeur null en type non-nullable. [C:\CHECKSEC\src\CHECKSEC.Core\CHECKSEC.Core.csproj]
C:\CHECKSEC\src\CHECKSEC.Core\CHECKSEC\Core\Services\Collectors\CredentialDelegationCollector.cs(231,31): warning CS8600: Conversion de littéral ayant une valeur null ou d'une éventuelle valeur null en type non-nullable. [C:\CHECKSEC\src\CHECKSEC.Core\CHECKSEC.Core.csproj]
C:\CHECKSEC\src\CHECKSEC.Core\CHECKSEC\Core\Services\Collectors\CredentialDelegationCollector.cs(232,41): warning CS8600: Conversion de littéral ayant une valeur null ou d'une éventuelle valeur null en type non-nullable. [C:\CHECKSEC\src\CHECKSEC.Core\CHECKSEC.Core.csproj]
C:\CHECKSEC\src\CHECKSEC.Core\CHECKSEC\Core\Services\Collectors\CertificateCollector.cs(235,22): warning CS8600: Conversion de littéral ayant une valeur null ou d'une éventuelle valeur null en type non-nullable. [C:\CHECKSEC\src\CHECKSEC.Core\CHECKSEC.Core.csproj]
C:\CHECKSEC\src\CHECKSEC.Core\CHECKSEC\Core\Services\Collectors\SecureBootPolicyCollector.cs(61,43): warning CS8600: Conversion de littéral ayant une valeur null ou d'une éventuelle valeur null en type non-nullable. [C:\CHECKSEC\src\CHECKSEC.Core\CHECKSEC.Core.csproj]
C:\CHECKSEC\src\CHECKSEC.Core\CHECKSEC\Core\Services\Collectors\SecureBootPolicyCollector.cs(77,36): warning CS8600: Conversion de littéral ayant une valeur null ou d'une éventuelle valeur null en type non-nullable. [C:\CHECKSEC\src\CHECKSEC.Core\CHECKSEC.Core.csproj]
C:\CHECKSEC\src\CHECKSEC.Core\CHECKSEC\Core\Services\Collectors\SecureBootPolicyCollector.cs(118,38): warning CS8600: Conversion de littéral ayant une valeur null ou d'une éventuelle valeur null en type non-nullable. [C:\CHECKSEC\src\CHECKSEC.Core\CHECKSEC.Core.csproj]
C:\CHECKSEC\src\CHECKSEC.Core\CHECKSEC\Core\Services\Collectors\SecureBootPolicyCollector.cs(134,35): warning CS8600: Conversion de littéral ayant une valeur null ou d'une éventuelle valeur null en type non-nullable. [C:\CHECKSEC\src\CHECKSEC.Core\CHECKSEC.Core.csproj]
C:\CHECKSEC\src\CHECKSEC.Core\CHECKSEC\Core\Services\Collectors\SecureBootPolicyCollector.cs(163,35): warning CS8600: Conversion de littéral ayant une valeur null ou d'une éventuelle valeur null en type non-nullable. [C:\CHECKSEC\src\CHECKSEC.Core\CHECKSEC.Core.csproj]
C:\CHECKSEC\src\CHECKSEC.Core\CHECKSEC\Core\Services\Collectors\SecureBootPolicyCollector.cs(179,43): warning CS8600: Conversion de littéral ayant une valeur null ou d'une éventuelle valeur null en type non-nullable. [C:\CHECKSEC\src\CHECKSEC.Core\CHECKSEC.Core.csproj]
C:\CHECKSEC\src\CHECKSEC.Core\CHECKSEC\Core\Services\Collectors\SecureBootPolicyCollector.cs(180,28): warning CS8600: Conversion de littéral ayant une valeur null ou d'une éventuelle valeur null en type non-nullable. [C:\CHECKSEC\src\CHECKSEC.Core\CHECKSEC.Core.csproj]
C:\CHECKSEC\src\CHECKSEC.Core\CHECKSEC\Core\Services\Collectors\CisFallbackCollector.cs(51,31): warning CS8600: Conversion de littéral ayant une valeur null ou d'une éventuelle valeur null en type non-nullable. [C:\CHECKSEC\src\CHECKSEC.Core\CHECKSEC.Core.csproj]
C:\CHECKSEC\src\CHECKSEC.Core\CHECKSEC\Core\Services\Collectors\CertificateCollector.cs(385,22): warning CS8600: Conversion de littéral ayant une valeur null ou d'une éventuelle valeur null en type non-nullable. [C:\CHECKSEC\src\CHECKSEC.Core\CHECKSEC.Core.csproj]
C:\CHECKSEC\src\CHECKSEC.Core\CHECKSEC\Core\Services\Collectors\SecureBootPolicyCollector.cs(221,32): warning CS8600: Conversion de littéral ayant une valeur null ou d'une éventuelle valeur null en type non-nullable. [C:\CHECKSEC\src\CHECKSEC.Core\CHECKSEC.Core.csproj]
C:\CHECKSEC\src\CHECKSEC.Core\CHECKSEC\Core\Services\Collectors\SecureBootPolicyCollector.cs(226,24): warning CS8600: Conversion de littéral ayant une valeur null ou d'une éventuelle valeur null en type non-nullable. [C:\CHECKSEC\src\CHECKSEC.Core\CHECKSEC.Core.csproj]
C:\CHECKSEC\src\CHECKSEC.Core\CHECKSEC\Core\Services\Collectors\SecureBootPolicyCollector.cs(227,25): warning CS8600: Conversion de littéral ayant une valeur null ou d'une éventuelle valeur null en type non-nullable. [C:\CHECKSEC\src\CHECKSEC.Core\CHECKSEC.Core.csproj]
C:\CHECKSEC\src\CHECKSEC.Core\CHECKSEC\Core\Services\Collectors\SecureBootPolicyCollector.cs(228,29): warning CS8600: Conversion de littéral ayant une valeur null ou d'une éventuelle valeur null en type non-nullable. [C:\CHECKSEC\src\CHECKSEC.Core\CHECKSEC.Core.csproj]
C:\CHECKSEC\src\CHECKSEC.Core\CHECKSEC\Core\Services\Collectors\CertificateCollector.cs(499,38): warning CS8600: Conversion de littéral ayant une valeur null ou d'une éventuelle valeur null en type non-nullable. [C:\CHECKSEC\src\CHECKSEC.Core\CHECKSEC.Core.csproj]
C:\CHECKSEC\src\CHECKSEC.Core\CHECKSEC\Core\Services\Collectors\CertificateCollector.cs(500,28): warning CS8600: Conversion de littéral ayant une valeur null ou d'une éventuelle valeur null en type non-nullable. [C:\CHECKSEC\src\CHECKSEC.Core\CHECKSEC.Core.csproj]
C:\CHECKSEC\src\CHECKSEC.Core\CHECKSEC\Core\Services\Collectors\CertificateCollector.cs(520,38): warning CS8600: Conversion de littéral ayant une valeur null ou d'une éventuelle valeur null en type non-nullable. [C:\CHECKSEC\src\CHECKSEC.Core\CHECKSEC.Core.csproj]
C:\CHECKSEC\src\CHECKSEC.Core\CHECKSEC\Core\Services\Collectors\CertificateCollector.cs(521,28): warning CS8600: Conversion de littéral ayant une valeur null ou d'une éventuelle valeur null en type non-nullable. [C:\CHECKSEC\src\CHECKSEC.Core\CHECKSEC.Core.csproj]
C:\CHECKSEC\src\CHECKSEC.Core\CHECKSEC\Core\Services\Collectors\ScreenLockCollector.cs(63,25): warning CS8600: Conversion de littéral ayant une valeur null ou d'une éventuelle valeur null en type non-nullable. [C:\CHECKSEC\src\CHECKSEC.Core\CHECKSEC.Core.csproj]
C:\CHECKSEC\src\CHECKSEC.Core\CHECKSEC\Core\Services\Collectors\ScreenLockCollector.cs(64,25): warning CS8600: Conversion de littéral ayant une valeur null ou d'une éventuelle valeur null en type non-nullable. [C:\CHECKSEC\src\CHECKSEC.Core\CHECKSEC.Core.csproj]
C:\CHECKSEC\src\CHECKSEC.Core\CHECKSEC\Core\Services\Collectors\ScreenLockCollector.cs(65,26): warning CS8600: Conversion de littéral ayant une valeur null ou d'une éventuelle valeur null en type non-nullable. [C:\CHECKSEC\src\CHECKSEC.Core\CHECKSEC.Core.csproj]
C:\CHECKSEC\src\CHECKSEC.Core\CHECKSEC\Core\Services\Collectors\ScreenLockCollector.cs(67,24): warning CS8600: Conversion de littéral ayant une valeur null ou d'une éventuelle valeur null en type non-nullable. [C:\CHECKSEC\src\CHECKSEC.Core\CHECKSEC.Core.csproj]
C:\CHECKSEC\src\CHECKSEC.Core\CHECKSEC\Core\Services\Collectors\ScreenLockCollector.cs(68,25): warning CS8600: Conversion de littéral ayant une valeur null ou d'une éventuelle valeur null en type non-nullable. [C:\CHECKSEC\src\CHECKSEC.Core\CHECKSEC.Core.csproj]
C:\CHECKSEC\src\CHECKSEC.Core\CHECKSEC\Core\Services\Collectors\ScreenLockCollector.cs(113,29): warning CS8600: Conversion de littéral ayant une valeur null ou d'une éventuelle valeur null en type non-nullable. [C:\CHECKSEC\src\CHECKSEC.Core\CHECKSEC.Core.csproj]
C:\CHECKSEC\src\CHECKSEC.Core\CHECKSEC\Core\Services\Collectors\CertificateCollector.cs(545,38): warning CS8600: Conversion de littéral ayant une valeur null ou d'une éventuelle valeur null en type non-nullable. [C:\CHECKSEC\src\CHECKSEC.Core\CHECKSEC.Core.csproj]
C:\CHECKSEC\src\CHECKSEC.Core\CHECKSEC\Core\Services\Collectors\CertificateCollector.cs(546,27): warning CS8600: Conversion de littéral ayant une valeur null ou d'une éventuelle valeur null en type non-nullable. [C:\CHECKSEC\src\CHECKSEC.Core\CHECKSEC.Core.csproj]
C:\CHECKSEC\src\CHECKSEC.Core\CHECKSEC\Core\Services\Collectors\CertificateCollector.cs(575,36): warning CS8600: Conversion de littéral ayant une valeur null ou d'une éventuelle valeur null en type non-nullable. [C:\CHECKSEC\src\CHECKSEC.Core\CHECKSEC.Core.csproj]
C:\CHECKSEC\src\CHECKSEC.Core\CHECKSEC\Core\Services\Collectors\CertificateCollector.cs(576,32): warning CS8600: Conversion de littéral ayant une valeur null ou d'une éventuelle valeur null en type non-nullable. [C:\CHECKSEC\src\CHECKSEC.Core\CHECKSEC.Core.csproj]
C:\CHECKSEC\src\CHECKSEC.Core\CHECKSEC\Core\Services\Collectors\ScreenLockCollector.cs(171,24): warning CS8600: Conversion de littéral ayant une valeur null ou d'une éventuelle valeur null en type non-nullable. [C:\CHECKSEC\src\CHECKSEC.Core\CHECKSEC.Core.csproj]
C:\CHECKSEC\src\CHECKSEC.Core\CHECKSEC\Core\Services\Collectors\CertificateCollector.cs(619,22): warning CS8600: Conversion de littéral ayant une valeur null ou d'une éventuelle valeur null en type non-nullable. [C:\CHECKSEC\src\CHECKSEC.Core\CHECKSEC.Core.csproj]
C:\CHECKSEC\src\CHECKSEC.Core\CHECKSEC\Core\Services\Collectors\ScreenLockCollector.cs(196,26): warning CS8600: Conversion de littéral ayant une valeur null ou d'une éventuelle valeur null en type non-nullable. [C:\CHECKSEC\src\CHECKSEC.Core\CHECKSEC.Core.csproj]
C:\CHECKSEC\src\CHECKSEC.Core\CHECKSEC\Core\Services\Collectors\ScreenLockCollector.cs(197,33): warning CS8600: Conversion de littéral ayant une valeur null ou d'une éventuelle valeur null en type non-nullable. [C:\CHECKSEC\src\CHECKSEC.Core\CHECKSEC.Core.csproj]
C:\CHECKSEC\src\CHECKSEC.Core\CHECKSEC\Core\Services\Collectors\ScreenLockCollector.cs(221,28): warning CS8600: Conversion de littéral ayant une valeur null ou d'une éventuelle valeur null en type non-nullable. [C:\CHECKSEC\src\CHECKSEC.Core\CHECKSEC.Core.csproj]
C:\CHECKSEC\src\CHECKSEC.Core\CHECKSEC\Core\Services\Collectors\ScreenLockCollector.cs(222,35): warning CS8600: Conversion de littéral ayant une valeur null ou d'une éventuelle valeur null en type non-nullable. [C:\CHECKSEC\src\CHECKSEC.Core\CHECKSEC.Core.csproj]
C:\CHECKSEC\src\CHECKSEC.Core\CHECKSEC\Core\Services\Collectors\ScreenLockCollector.cs(241,28): warning CS8600: Conversion de littéral ayant une valeur null ou d'une éventuelle valeur null en type non-nullable. [C:\CHECKSEC\src\CHECKSEC.Core\CHECKSEC.Core.csproj]
C:\CHECKSEC\src\CHECKSEC.Core\CHECKSEC\Core\Services\Collectors\ScreenLockCollector.cs(282,27): warning CS8600: Conversion de littéral ayant une valeur null ou d'une éventuelle valeur null en type non-nullable. [C:\CHECKSEC\src\CHECKSEC.Core\CHECKSEC.Core.csproj]
C:\CHECKSEC\src\CHECKSEC.Core\CHECKSEC\Core\Services\Collectors\ScreenLockCollector.cs(301,27): warning CS8600: Conversion de littéral ayant une valeur null ou d'une éventuelle valeur null en type non-nullable. [C:\CHECKSEC\src\CHECKSEC.Core\CHECKSEC.Core.csproj]
C:\CHECKSEC\src\CHECKSEC.Core\CHECKSEC\Core\Services\Collectors\ScreenLockCollector.cs(320,25): warning CS8600: Conversion de littéral ayant une valeur null ou d'une éventuelle valeur null en type non-nullable. [C:\CHECKSEC\src\CHECKSEC.Core\CHECKSEC.Core.csproj]
C:\CHECKSEC\src\CHECKSEC.Core\CHECKSEC\Core\Services\Collectors\ScreenLockCollector.cs(321,28): warning CS8600: Conversion de littéral ayant une valeur null ou d'une éventuelle valeur null en type non-nullable. [C:\CHECKSEC\src\CHECKSEC.Core\CHECKSEC.Core.csproj]
C:\CHECKSEC\src\CHECKSEC.Core\CHECKSEC\Core\Services\Collectors\ScreenLockCollector.cs(322,32): warning CS8600: Conversion de littéral ayant une valeur null ou d'une éventuelle valeur null en type non-nullable. [C:\CHECKSEC\src\CHECKSEC.Core\CHECKSEC.Core.csproj]
C:\CHECKSEC\src\CHECKSEC.Core\CHECKSEC\Core\Services\Collectors\ScreenLockCollector.cs(379,37): warning CS8600: Conversion de littéral ayant une valeur null ou d'une éventuelle valeur null en type non-nullable. [C:\CHECKSEC\src\CHECKSEC.Core\CHECKSEC.Core.csproj]
C:\CHECKSEC\src\CHECKSEC.Core\CHECKSEC\Core\Services\Collectors\ScreenLockCollector.cs(393,37): warning CS8600: Conversion de littéral ayant une valeur null ou d'une éventuelle valeur null en type non-nullable. [C:\CHECKSEC\src\CHECKSEC.Core\CHECKSEC.Core.csproj]
C:\CHECKSEC\src\CHECKSEC.Core\CHECKSEC\Core\Services\Collectors\ScreenLockCollector.cs(416,28): warning CS8600: Conversion de littéral ayant une valeur null ou d'une éventuelle valeur null en type non-nullable. [C:\CHECKSEC\src\CHECKSEC.Core\CHECKSEC.Core.csproj]
C:\CHECKSEC\src\CHECKSEC.Core\CHECKSEC\Core\Services\Collectors\DefenderCollector.cs(404,36): warning CS8600: Conversion de littéral ayant une valeur null ou d'une éventuelle valeur null en type non-nullable. [C:\CHECKSEC\src\CHECKSEC.Core\CHECKSEC.Core.csproj]
C:\CHECKSEC\src\CHECKSEC.Core\CHECKSEC\Core\Services\Collectors\DefenderCollector.cs(405,28): warning CS8600: Conversion de littéral ayant une valeur null ou d'une éventuelle valeur null en type non-nullable. [C:\CHECKSEC\src\CHECKSEC.Core\CHECKSEC.Core.csproj]
C:\CHECKSEC\src\CHECKSEC.Core\CHECKSEC\Core\Services\Collectors\DefenderCollector.cs(423,36): warning CS8600: Conversion de littéral ayant une valeur null ou d'une éventuelle valeur null en type non-nullable. [C:\CHECKSEC\src\CHECKSEC.Core\CHECKSEC.Core.csproj]
C:\CHECKSEC\src\CHECKSEC.Core\CHECKSEC\Core\Services\Collectors\DefenderCollector.cs(424,33): warning CS8600: Conversion de littéral ayant une valeur null ou d'une éventuelle valeur null en type non-nullable. [C:\CHECKSEC\src\CHECKSEC.Core\CHECKSEC.Core.csproj]
C:\CHECKSEC\src\CHECKSEC.Core\CHECKSEC\Core\Services\Collectors\DefenderCollector.cs(442,36): warning CS8600: Conversion de littéral ayant une valeur null ou d'une éventuelle valeur null en type non-nullable. [C:\CHECKSEC\src\CHECKSEC.Core\CHECKSEC.Core.csproj]
C:\CHECKSEC\src\CHECKSEC.Core\CHECKSEC\Core\Services\Collectors\DefenderCollector.cs(443,34): warning CS8600: Conversion de littéral ayant une valeur null ou d'une éventuelle valeur null en type non-nullable. [C:\CHECKSEC\src\CHECKSEC.Core\CHECKSEC.Core.csproj]
C:\CHECKSEC\src\CHECKSEC.Core\CHECKSEC\Core\Services\Collectors\DefenderCollector.cs(461,36): warning CS8600: Conversion de littéral ayant une valeur null ou d'une éventuelle valeur null en type non-nullable. [C:\CHECKSEC\src\CHECKSEC.Core\CHECKSEC.Core.csproj]
C:\CHECKSEC\src\CHECKSEC.Core\CHECKSEC\Core\Services\Collectors\DefenderCollector.cs(462,25): warning CS8600: Conversion de littéral ayant une valeur null ou d'une éventuelle valeur null en type non-nullable. [C:\CHECKSEC\src\CHECKSEC.Core\CHECKSEC.Core.csproj]
C:\CHECKSEC\src\CHECKSEC.Core\CHECKSEC\Core\Services\Collectors\DefenderCollector.cs(510,34): warning CS8600: Conversion de littéral ayant une valeur null ou d'une éventuelle valeur null en type non-nullable. [C:\CHECKSEC\src\CHECKSEC.Core\CHECKSEC.Core.csproj]
C:\CHECKSEC\src\CHECKSEC.Core\CHECKSEC\Core\Services\Collectors\DefenderCollector.cs(511,34): warning CS8600: Conversion de littéral ayant une valeur null ou d'une éventuelle valeur null en type non-nullable. [C:\CHECKSEC\src\CHECKSEC.Core\CHECKSEC.Core.csproj]
C:\CHECKSEC\src\CHECKSEC.Core\CHECKSEC\Core\Services\Collectors\ScheduledTaskAclCollector.cs(261,20): warning CS8600: Conversion de littéral ayant une valeur null ou d'une éventuelle valeur null en type non-nullable. [C:\CHECKSEC\src\CHECKSEC.Core\CHECKSEC.Core.csproj]
C:\CHECKSEC\src\CHECKSEC.Core\CHECKSEC\Core\Services\Collectors\ScheduledTaskAclCollector.cs(274,18): warning CS8600: Conversion de littéral ayant une valeur null ou d'une éventuelle valeur null en type non-nullable. [C:\CHECKSEC\src\CHECKSEC.Core\CHECKSEC.Core.csproj]
C:\CHECKSEC\src\CHECKSEC.Core\CHECKSEC\Core\Services\Collectors\DefenderCollector.cs(560,36): warning CS8600: Conversion de littéral ayant une valeur null ou d'une éventuelle valeur null en type non-nullable. [C:\CHECKSEC\src\CHECKSEC.Core\CHECKSEC.Core.csproj]
C:\CHECKSEC\src\CHECKSEC.Core\CHECKSEC\Core\Services\Collectors\DefenderCollector.cs(561,33): warning CS8600: Conversion de littéral ayant une valeur null ou d'une éventuelle valeur null en type non-nullable. [C:\CHECKSEC\src\CHECKSEC.Core\CHECKSEC.Core.csproj]
C:\CHECKSEC\src\CHECKSEC.Core\CHECKSEC\Core\Services\Collectors\DefenderCollector.cs(579,36): warning CS8600: Conversion de littéral ayant une valeur null ou d'une éventuelle valeur null en type non-nullable. [C:\CHECKSEC\src\CHECKSEC.Core\CHECKSEC.Core.csproj]
C:\CHECKSEC\src\CHECKSEC.Core\CHECKSEC\Core\Services\Collectors\DefenderCollector.cs(580,28): warning CS8600: Conversion de littéral ayant une valeur null ou d'une éventuelle valeur null en type non-nullable. [C:\CHECKSEC\src\CHECKSEC.Core\CHECKSEC.Core.csproj]
C:\CHECKSEC\src\CHECKSEC.Core\CHECKSEC\Core\Services\Collectors\DnsOverHttpsCollector.cs(52,38): warning CS8600: Conversion de littéral ayant une valeur null ou d'une éventuelle valeur null en type non-nullable. [C:\CHECKSEC\src\CHECKSEC.Core\CHECKSEC.Core.csproj]
C:\CHECKSEC\src\CHECKSEC.Core\CHECKSEC\Core\Services\Collectors\DnsOverHttpsCollector.cs(68,32): warning CS8600: Conversion de littéral ayant une valeur null ou d'une éventuelle valeur null en type non-nullable. [C:\CHECKSEC\src\CHECKSEC.Core\CHECKSEC.Core.csproj]
C:\CHECKSEC\src\CHECKSEC.Core\CHECKSEC\Core\Services\Collectors\DnsOverHttpsCollector.cs(113,27): warning CS8600: Conversion de littéral ayant une valeur null ou d'une éventuelle valeur null en type non-nullable. [C:\CHECKSEC\src\CHECKSEC.Core\CHECKSEC.Core.csproj]
C:\CHECKSEC\src\CHECKSEC.Core\CHECKSEC\Core\Services\Collectors\DnsOverHttpsCollector.cs(133,44): warning CS8600: Conversion de littéral ayant une valeur null ou d'une éventuelle valeur null en type non-nullable. [C:\CHECKSEC\src\CHECKSEC.Core\CHECKSEC.Core.csproj]
C:\CHECKSEC\src\CHECKSEC.Core\CHECKSEC\Core\Services\Collectors\DnsOverHttpsCollector.cs(135,29): warning CS8600: Conversion de littéral ayant une valeur null ou d'une éventuelle valeur null en type non-nullable. [C:\CHECKSEC\src\CHECKSEC.Core\CHECKSEC.Core.csproj]
C:\CHECKSEC\src\CHECKSEC.Core\CHECKSEC\Core\Services\Collectors\DefenderExclusionsCollector.cs(226,27): warning CS8600: Conversion de littéral ayant une valeur null ou d'une éventuelle valeur null en type non-nullable. [C:\CHECKSEC\src\CHECKSEC.Core\CHECKSEC.Core.csproj]
C:\CHECKSEC\src\CHECKSEC.Core\CHECKSEC\Core\Services\Collectors\DefenderExclusionsCollector.cs(229,11): warning CS8600: Conversion de littéral ayant une valeur null ou d'une éventuelle valeur null en type non-nullable. [C:\CHECKSEC\src\CHECKSEC.Core\CHECKSEC.Core.csproj]
C:\CHECKSEC\src\CHECKSEC.Core\CHECKSEC\Core\Services\Collectors\DefenderExclusionsCollector.cs(409,29): warning CS8600: Conversion de littéral ayant une valeur null ou d'une éventuelle valeur null en type non-nullable. [C:\CHECKSEC\src\CHECKSEC.Core\CHECKSEC.Core.csproj]
C:\CHECKSEC\src\CHECKSEC.Core\CHECKSEC\Core\Services\Collectors\DefenderExclusionsCollector.cs(412,13): warning CS8600: Conversion de littéral ayant une valeur null ou d'une éventuelle valeur null en type non-nullable. [C:\CHECKSEC\src\CHECKSEC.Core\CHECKSEC.Core.csproj]
C:\CHECKSEC\src\CHECKSEC.Core\CHECKSEC\Core\Services\Collectors\ScheduledTaskAclCollector.cs(352,27): warning CS8604: Existence possible d'un argument de référence null pour le paramètre 'sid' dans 'bool ScheduledTaskAclCollector.IsUnprivilegedSid(SecurityIdentifier sid)'. [C:\CHECKSEC\src\CHECKSEC.Core\CHECKSEC.Core.csproj]
C:\CHECKSEC\src\CHECKSEC.Core\CHECKSEC\Core\Services\Collectors\ScheduledTaskAclCollector.cs(359,36): warning CS8604: Existence possible d'un argument de référence null pour le paramètre 'sid' dans 'string ScheduledTaskAclCollector.ResolveSidLabel(SecurityIdentifier sid)'. [C:\CHECKSEC\src\CHECKSEC.Core\CHECKSEC.Core.csproj]
C:\CHECKSEC\src\CHECKSEC.Core\CHECKSEC\Core\Services\Collectors\DefenderExclusionsCollector.cs(482,34): warning CS8600: Conversion de littéral ayant une valeur null ou d'une éventuelle valeur null en type non-nullable. [C:\CHECKSEC\src\CHECKSEC.Core\CHECKSEC.Core.csproj]
C:\CHECKSEC\src\CHECKSEC.Core\CHECKSEC\Core\Services\Collectors\DefenderExclusionsCollector.cs(484,19): warning CS8600: Conversion de littéral ayant une valeur null ou d'une éventuelle valeur null en type non-nullable. [C:\CHECKSEC\src\CHECKSEC.Core\CHECKSEC.Core.csproj]
C:\CHECKSEC\src\CHECKSEC.Core\CHECKSEC\Core\Services\Collectors\DefenderExclusionsCollector.cs(485,25): warning CS8600: Conversion de littéral ayant une valeur null ou d'une éventuelle valeur null en type non-nullable. [C:\CHECKSEC\src\CHECKSEC.Core\CHECKSEC.Core.csproj]
C:\CHECKSEC\src\CHECKSEC.Core\CHECKSEC\Core\Services\Collectors\DefenderExclusionsCollector.cs(544,38): warning CS8600: Conversion de littéral ayant une valeur null ou d'une éventuelle valeur null en type non-nullable. [C:\CHECKSEC\src\CHECKSEC.Core\CHECKSEC.Core.csproj]
C:\CHECKSEC\src\CHECKSEC.Core\CHECKSEC\Core\Services\Collectors\DefenderCollector.cs(603,36): warning CS8600: Conversion de littéral ayant une valeur null ou d'une éventuelle valeur null en type non-nullable. [C:\CHECKSEC\src\CHECKSEC.Core\CHECKSEC.Core.csproj]
C:\CHECKSEC\src\CHECKSEC.Core\CHECKSEC\Core\Services\Collectors\DefenderCollector.cs(604,34): warning CS8600: Conversion de littéral ayant une valeur null ou d'une éventuelle valeur null en type non-nullable. [C:\CHECKSEC\src\CHECKSEC.Core\CHECKSEC.Core.csproj]
C:\CHECKSEC\src\CHECKSEC.Core\CHECKSEC\Core\Services\Collectors\DefenderCollector.cs(621,36): warning CS8600: Conversion de littéral ayant une valeur null ou d'une éventuelle valeur null en type non-nullable. [C:\CHECKSEC\src\CHECKSEC.Core\CHECKSEC.Core.csproj]
C:\CHECKSEC\src\CHECKSEC.Core\CHECKSEC\Core\Services\Collectors\DefenderCollector.cs(622,34): warning CS8600: Conversion de littéral ayant une valeur null ou d'une éventuelle valeur null en type non-nullable. [C:\CHECKSEC\src\CHECKSEC.Core\CHECKSEC.Core.csproj]
C:\CHECKSEC\src\CHECKSEC.Core\CHECKSEC\Core\Services\Collectors\DefenderCollector.cs(639,36): warning CS8600: Conversion de littéral ayant une valeur null ou d'une éventuelle valeur null en type non-nullable. [C:\CHECKSEC\src\CHECKSEC.Core\CHECKSEC.Core.csproj]
C:\CHECKSEC\src\CHECKSEC.Core\CHECKSEC\Core\Services\Collectors\DefenderCollector.cs(640,35): warning CS8600: Conversion de littéral ayant une valeur null ou d'une éventuelle valeur null en type non-nullable. [C:\CHECKSEC\src\CHECKSEC.Core\CHECKSEC.Core.csproj]
C:\CHECKSEC\src\CHECKSEC.Core\CHECKSEC\Core\Services\Collectors\DefenderCollector.cs(658,36): warning CS8600: Conversion de littéral ayant une valeur null ou d'une éventuelle valeur null en type non-nullable. [C:\CHECKSEC\src\CHECKSEC.Core\CHECKSEC.Core.csproj]
C:\CHECKSEC\src\CHECKSEC.Core\CHECKSEC\Core\Services\Collectors\DefenderCollector.cs(659,22): warning CS8600: Conversion de littéral ayant une valeur null ou d'une éventuelle valeur null en type non-nullable. [C:\CHECKSEC\src\CHECKSEC.Core\CHECKSEC.Core.csproj]
C:\CHECKSEC\src\CHECKSEC.Core\CHECKSEC\Core\Services\Collectors\DefenderCollector.cs(679,45): warning CS8600: Conversion de littéral ayant une valeur null ou d'une éventuelle valeur null en type non-nullable. [C:\CHECKSEC\src\CHECKSEC.Core\CHECKSEC.Core.csproj]
C:\CHECKSEC\src\CHECKSEC.Core\CHECKSEC\Core\Services\Collectors\DefenderCollector.cs(680,36): warning CS8600: Conversion de littéral ayant une valeur null ou d'une éventuelle valeur null en type non-nullable. [C:\CHECKSEC\src\CHECKSEC.Core\CHECKSEC.Core.csproj]
C:\CHECKSEC\src\CHECKSEC.Core\CHECKSEC\Core\Services\Collectors\DefenderCollector.cs(700,36): warning CS8600: Conversion de littéral ayant une valeur null ou d'une éventuelle valeur null en type non-nullable. [C:\CHECKSEC\src\CHECKSEC.Core\CHECKSEC.Core.csproj]
C:\CHECKSEC\src\CHECKSEC.Core\CHECKSEC\Core\Services\Collectors\DefenderCollector.cs(701,30): warning CS8600: Conversion de littéral ayant une valeur null ou d'une éventuelle valeur null en type non-nullable. [C:\CHECKSEC\src\CHECKSEC.Core\CHECKSEC.Core.csproj]
C:\CHECKSEC\src\CHECKSEC.Core\CHECKSEC\Core\Services\Collectors\DefenderCollector.cs(723,39): warning CS8600: Conversion de littéral ayant une valeur null ou d'une éventuelle valeur null en type non-nullable. [C:\CHECKSEC\src\CHECKSEC.Core\CHECKSEC.Core.csproj]
C:\CHECKSEC\src\CHECKSEC.Core\CHECKSEC\Core\Services\Collectors\DefenderCollector.cs(724,35): warning CS8600: Conversion de littéral ayant une valeur null ou d'une éventuelle valeur null en type non-nullable. [C:\CHECKSEC\src\CHECKSEC.Core\CHECKSEC.Core.csproj]
C:\CHECKSEC\src\CHECKSEC.Core\CHECKSEC\Core\Services\Collectors\DefenderCollector.cs(756,36): warning CS8600: Conversion de littéral ayant une valeur null ou d'une éventuelle valeur null en type non-nullable. [C:\CHECKSEC\src\CHECKSEC.Core\CHECKSEC.Core.csproj]
C:\CHECKSEC\src\CHECKSEC.Core\CHECKSEC\Core\Services\Collectors\DefenderCollector.cs(757,25): warning CS8600: Conversion de littéral ayant une valeur null ou d'une éventuelle valeur null en type non-nullable. [C:\CHECKSEC\src\CHECKSEC.Core\CHECKSEC.Core.csproj]
C:\CHECKSEC\src\CHECKSEC.Core\CHECKSEC\Core\Services\Collectors\DefenderCollector.cs(809,34): warning CS8600: Conversion de littéral ayant une valeur null ou d'une éventuelle valeur null en type non-nullable. [C:\CHECKSEC\src\CHECKSEC.Core\CHECKSEC.Core.csproj]
C:\CHECKSEC\src\CHECKSEC.Core\CHECKSEC\Core\Services\Collectors\DefenderCollector.cs(810,34): warning CS8600: Conversion de littéral ayant une valeur null ou d'une éventuelle valeur null en type non-nullable. [C:\CHECKSEC\src\CHECKSEC.Core\CHECKSEC.Core.csproj]
C:\CHECKSEC\src\CHECKSEC.Core\CHECKSEC\Core\Services\Collectors\DefenderCollector.cs(854,34): warning CS8600: Conversion de littéral ayant une valeur null ou d'une éventuelle valeur null en type non-nullable. [C:\CHECKSEC\src\CHECKSEC.Core\CHECKSEC.Core.csproj]
C:\CHECKSEC\src\CHECKSEC.Core\CHECKSEC\Core\Services\Collectors\DefenderCollector.cs(855,32): warning CS8600: Conversion de littéral ayant une valeur null ou d'une éventuelle valeur null en type non-nullable. [C:\CHECKSEC\src\CHECKSEC.Core\CHECKSEC.Core.csproj]
C:\CHECKSEC\src\CHECKSEC.Core\CHECKSEC\Core\Services\Collectors\DefenderCollector.cs(907,36): warning CS8600: Conversion de littéral ayant une valeur null ou d'une éventuelle valeur null en type non-nullable. [C:\CHECKSEC\src\CHECKSEC.Core\CHECKSEC.Core.csproj]
C:\CHECKSEC\src\CHECKSEC.Core\CHECKSEC\Core\Services\Collectors\DefenderCollector.cs(959,31): warning CS8600: Conversion de littéral ayant une valeur null ou d'une éventuelle valeur null en type non-nullable. [C:\CHECKSEC\src\CHECKSEC.Core\CHECKSEC.Core.csproj]
C:\CHECKSEC\src\CHECKSEC.Core\CHECKSEC\Core\Services\Collectors\DefenderCollector.cs(960,22): warning CS8600: Conversion de littéral ayant une valeur null ou d'une éventuelle valeur null en type non-nullable. [C:\CHECKSEC\src\CHECKSEC.Core\CHECKSEC.Core.csproj]
C:\CHECKSEC\src\CHECKSEC.Core\CHECKSEC\Core\Services\Collectors\DefenderCollector.cs(990,45): warning CS8600: Conversion de littéral ayant une valeur null ou d'une éventuelle valeur null en type non-nullable. [C:\CHECKSEC\src\CHECKSEC.Core\CHECKSEC.Core.csproj]
C:\CHECKSEC\src\CHECKSEC.Core\CHECKSEC\Core\Services\Collectors\DefenderCollector.cs(1049,31): warning CS8600: Conversion de littéral ayant une valeur null ou d'une éventuelle valeur null en type non-nullable. [C:\CHECKSEC\src\CHECKSEC.Core\CHECKSEC.Core.csproj]
C:\CHECKSEC\src\CHECKSEC.Core\CHECKSEC\Core\Services\Collectors\DefenderCollector.cs(1050,22): warning CS8600: Conversion de littéral ayant une valeur null ou d'une éventuelle valeur null en type non-nullable. [C:\CHECKSEC\src\CHECKSEC.Core\CHECKSEC.Core.csproj]
C:\CHECKSEC\src\CHECKSEC.Core\CHECKSEC\Core\Services\Collectors\SchannelCryptoCollector.cs(242,24): warning CS8600: Conversion de littéral ayant une valeur null ou d'une éventuelle valeur null en type non-nullable. [C:\CHECKSEC\src\CHECKSEC.Core\CHECKSEC.Core.csproj]
C:\CHECKSEC\src\CHECKSEC.Core\CHECKSEC\Core\Services\Collectors\SchannelCryptoCollector.cs(373,20): warning CS8600: Conversion de littéral ayant une valeur null ou d'une éventuelle valeur null en type non-nullable. [C:\CHECKSEC\src\CHECKSEC.Core\CHECKSEC.Core.csproj]
C:\CHECKSEC\src\CHECKSEC.Core\CHECKSEC\Core\Services\Collectors\SchannelCryptoCollector.cs(391,31): warning CS8600: Conversion de littéral ayant une valeur null ou d'une éventuelle valeur null en type non-nullable. [C:\CHECKSEC\src\CHECKSEC.Core\CHECKSEC.Core.csproj]
C:\CHECKSEC\src\CHECKSEC.Core\CHECKSEC\Core\Services\Collectors\SchannelCryptoCollector.cs(408,31): warning CS8600: Conversion de littéral ayant une valeur null ou d'une éventuelle valeur null en type non-nullable. [C:\CHECKSEC\src\CHECKSEC.Core\CHECKSEC.Core.csproj]
C:\CHECKSEC\src\CHECKSEC.Core\CHECKSEC\Core\Services\Collectors\SchannelCryptoCollector.cs(409,19): warning CS8600: Conversion de littéral ayant une valeur null ou d'une éventuelle valeur null en type non-nullable. [C:\CHECKSEC\src\CHECKSEC.Core\CHECKSEC.Core.csproj]
C:\CHECKSEC\src\CHECKSEC.Core\CHECKSEC\Core\Services\Collectors\SchannelCryptoCollector.cs(425,31): warning CS8600: Conversion de littéral ayant une valeur null ou d'une éventuelle valeur null en type non-nullable. [C:\CHECKSEC\src\CHECKSEC.Core\CHECKSEC.Core.csproj]
C:\CHECKSEC\src\CHECKSEC.Core\CHECKSEC\Core\Services\Collectors\SchannelCryptoCollector.cs(426,19): warning CS8600: Conversion de littéral ayant une valeur null ou d'une éventuelle valeur null en type non-nullable. [C:\CHECKSEC\src\CHECKSEC.Core\CHECKSEC.Core.csproj]
C:\CHECKSEC\src\CHECKSEC.Core\CHECKSEC\Core\Services\Collectors\SchannelCryptoCollector.cs(429,12): warning CS8603: Existence possible d'un retour de référence null. [C:\CHECKSEC\src\CHECKSEC.Core\CHECKSEC.Core.csproj]
C:\CHECKSEC\src\CHECKSEC.Core\CHECKSEC\Core\Services\Collectors\SchannelCryptoCollector.cs(436,11): warning CS8603: Existence possible d'un retour de référence null. [C:\CHECKSEC\src\CHECKSEC.Core\CHECKSEC.Core.csproj]
C:\CHECKSEC\src\CHECKSEC.Core\CHECKSEC\Core\Services\Collectors\SchannelCryptoCollector.cs(440,11): warning CS8603: Existence possible d'un retour de référence null. [C:\CHECKSEC\src\CHECKSEC.Core\CHECKSEC.Core.csproj]
C:\CHECKSEC\src\CHECKSEC.Core\CHECKSEC\Core\Services\Collectors\DomainAuthHardeningCollector.cs(202,31): warning CS8600: Conversion de littéral ayant une valeur null ou d'une éventuelle valeur null en type non-nullable. [C:\CHECKSEC\src\CHECKSEC.Core\CHECKSEC.Core.csproj]
C:\CHECKSEC\src\CHECKSEC.Core\CHECKSEC\Core\Services\Collectors\DomainAuthHardeningCollector.cs(203,19): warning CS8600: Conversion de littéral ayant une valeur null ou d'une éventuelle valeur null en type non-nullable. [C:\CHECKSEC\src\CHECKSEC.Core\CHECKSEC.Core.csproj]
C:\CHECKSEC\src\CHECKSEC.Core\CHECKSEC\Core\Services\Collectors\RemoteAccessExtraCollector.cs(219,31): warning CS8600: Conversion de littéral ayant une valeur null ou d'une éventuelle valeur null en type non-nullable. [C:\CHECKSEC\src\CHECKSEC.Core\CHECKSEC.Core.csproj]
C:\CHECKSEC\src\CHECKSEC.Core\CHECKSEC\Core\Services\Collectors\RemoteAccessExtraCollector.cs(220,19): warning CS8600: Conversion de littéral ayant une valeur null ou d'une éventuelle valeur null en type non-nullable. [C:\CHECKSEC\src\CHECKSEC.Core\CHECKSEC.Core.csproj]
C:\CHECKSEC\src\CHECKSEC.Core\CHECKSEC\Core\Services\Collectors\RemoteAccessExtraCollector.cs(237,31): warning CS8600: Conversion de littéral ayant une valeur null ou d'une éventuelle valeur null en type non-nullable. [C:\CHECKSEC\src\CHECKSEC.Core\CHECKSEC.Core.csproj]
C:\CHECKSEC\src\CHECKSEC.Core\CHECKSEC\Core\Services\Collectors\RdpHardeningCollector.cs(62,36): warning CS8600: Conversion de littéral ayant une valeur null ou d'une éventuelle valeur null en type non-nullable. [C:\CHECKSEC\src\CHECKSEC.Core\CHECKSEC.Core.csproj]
C:\CHECKSEC\src\CHECKSEC.Core\CHECKSEC\Core\Services\Collectors\RdpHardeningCollector.cs(63,34): warning CS8600: Conversion de littéral ayant une valeur null ou d'une éventuelle valeur null en type non-nullable. [C:\CHECKSEC\src\CHECKSEC.Core\CHECKSEC.Core.csproj]
C:\CHECKSEC\src\CHECKSEC.Core\CHECKSEC\Core\Services\Collectors\RdpHardeningCollector.cs(118,36): warning CS8600: Conversion de littéral ayant une valeur null ou d'une éventuelle valeur null en type non-nullable. [C:\CHECKSEC\src\CHECKSEC.Core\CHECKSEC.Core.csproj]
C:\CHECKSEC\src\CHECKSEC.Core\CHECKSEC\Core\Services\Collectors\RdpHardeningCollector.cs(119,27): warning CS8600: Conversion de littéral ayant une valeur null ou d'une éventuelle valeur null en type non-nullable. [C:\CHECKSEC\src\CHECKSEC.Core\CHECKSEC.Core.csproj]
C:\CHECKSEC\src\CHECKSEC.Core\CHECKSEC\Core\Services\Collectors\RdpHardeningCollector.cs(137,43): warning CS8600: Conversion de littéral ayant une valeur null ou d'une éventuelle valeur null en type non-nullable. [C:\CHECKSEC\src\CHECKSEC.Core\CHECKSEC.Core.csproj]
C:\CHECKSEC\src\CHECKSEC.Core\CHECKSEC\Core\Services\Collectors\RdpHardeningCollector.cs(138,36): warning CS8600: Conversion de littéral ayant une valeur null ou d'une éventuelle valeur null en type non-nullable. [C:\CHECKSEC\src\CHECKSEC.Core\CHECKSEC.Core.csproj]
C:\CHECKSEC\src\CHECKSEC.Core\CHECKSEC\Core\Services\Collectors\RdpHardeningCollector.cs(152,32): warning CS8600: Conversion de littéral ayant une valeur null ou d'une éventuelle valeur null en type non-nullable. [C:\CHECKSEC\src\CHECKSEC.Core\CHECKSEC.Core.csproj]
C:\CHECKSEC\src\CHECKSEC.Core\CHECKSEC\Core\Services\Collectors\RdpHardeningCollector.cs(200,36): warning CS8600: Conversion de littéral ayant une valeur null ou d'une éventuelle valeur null en type non-nullable. [C:\CHECKSEC\src\CHECKSEC.Core\CHECKSEC.Core.csproj]
C:\CHECKSEC\src\CHECKSEC.Core\CHECKSEC\Core\Services\Collectors\RdpHardeningCollector.cs(201,32): warning CS8600: Conversion de littéral ayant une valeur null ou d'une éventuelle valeur null en type non-nullable. [C:\CHECKSEC\src\CHECKSEC.Core\CHECKSEC.Core.csproj]
C:\CHECKSEC\src\CHECKSEC.Core\CHECKSEC\Core\Services\Collectors\RdpHardeningCollector.cs(250,36): warning CS8600: Conversion de littéral ayant une valeur null ou d'une éventuelle valeur null en type non-nullable. [C:\CHECKSEC\src\CHECKSEC.Core\CHECKSEC.Core.csproj]
C:\CHECKSEC\src\CHECKSEC.Core\CHECKSEC\Core\Services\Collectors\RdpHardeningCollector.cs(253,31): warning CS8600: Conversion de littéral ayant une valeur null ou d'une éventuelle valeur null en type non-nullable. [C:\CHECKSEC\src\CHECKSEC.Core\CHECKSEC.Core.csproj]
C:\CHECKSEC\src\CHECKSEC.Core\CHECKSEC\Core\Services\Collectors\RdpHardeningCollector.cs(270,31): warning CS8600: Conversion de littéral ayant une valeur null ou d'une éventuelle valeur null en type non-nullable. [C:\CHECKSEC\src\CHECKSEC.Core\CHECKSEC.Core.csproj]
C:\CHECKSEC\src\CHECKSEC.Core\CHECKSEC\Core\Services\Collectors\RdpHardeningCollector.cs(286,30): warning CS8600: Conversion de littéral ayant une valeur null ou d'une éventuelle valeur null en type non-nullable. [C:\CHECKSEC\src\CHECKSEC.Core\CHECKSEC.Core.csproj]
C:\CHECKSEC\src\CHECKSEC.Core\CHECKSEC\Core\Services\Collectors\ProxyNetworkCollector.cs(70,29): warning CS8600: Conversion de littéral ayant une valeur null ou d'une éventuelle valeur null en type non-nullable. [C:\CHECKSEC\src\CHECKSEC.Core\CHECKSEC.Core.csproj]
C:\CHECKSEC\src\CHECKSEC.Core\CHECKSEC\Core\Services\Collectors\ProxyNetworkCollector.cs(72,29): warning CS8600: Conversion de littéral ayant une valeur null ou d'une éventuelle valeur null en type non-nullable. [C:\CHECKSEC\src\CHECKSEC.Core\CHECKSEC.Core.csproj]
C:\CHECKSEC\src\CHECKSEC.Core\CHECKSEC\Core\Services\Collectors\ProxyNetworkCollector.cs(100,21): warning CS8600: Conversion de littéral ayant une valeur null ou d'une éventuelle valeur null en type non-nullable. [C:\CHECKSEC\src\CHECKSEC.Core\CHECKSEC.Core.csproj]
C:\CHECKSEC\src\CHECKSEC.Core\CHECKSEC\Core\Services\Collectors\ProxyNetworkCollector.cs(101,21): warning CS8600: Conversion de littéral ayant une valeur null ou d'une éventuelle valeur null en type non-nullable. [C:\CHECKSEC\src\CHECKSEC.Core\CHECKSEC.Core.csproj]
C:\CHECKSEC\src\CHECKSEC.Core\CHECKSEC\Core\Services\Collectors\ProxyNetworkCollector.cs(102,21): warning CS8600: Conversion de littéral ayant une valeur null ou d'une éventuelle valeur null en type non-nullable. [C:\CHECKSEC\src\CHECKSEC.Core\CHECKSEC.Core.csproj]
C:\CHECKSEC\src\CHECKSEC.Core\CHECKSEC\Core\Services\Collectors\ProxyNetworkCollector.cs(106,56): warning CS8604: Existence possible d'un argument de référence null pour le paramètre 'url' dans 'bool ProxyNetworkCollector.IsNonLocalUrl(string url)'. [C:\CHECKSEC\src\CHECKSEC.Core\CHECKSEC.Core.csproj]
C:\CHECKSEC\src\CHECKSEC.Core\CHECKSEC\Core\Services\Collectors\ProxyNetworkCollector.cs(112,21): warning CS8601: Existence possible d'une assignation de référence null. [C:\CHECKSEC\src\CHECKSEC.Core\CHECKSEC.Core.csproj]
C:\CHECKSEC\src\CHECKSEC.Core\CHECKSEC\Core\Services\Collectors\ProxyNetworkCollector.cs(133,18): warning CS8600: Conversion de littéral ayant une valeur null ou d'une éventuelle valeur null en type non-nullable. [C:\CHECKSEC\src\CHECKSEC.Core\CHECKSEC.Core.csproj]
C:\CHECKSEC\src\CHECKSEC.Core\CHECKSEC\Core\Services\Collectors\ExploitProtectionCollector.cs(60,34): warning CS8600: Conversion de littéral ayant une valeur null ou d'une éventuelle valeur null en type non-nullable. [C:\CHECKSEC\src\CHECKSEC.Core\CHECKSEC.Core.csproj]
C:\CHECKSEC\src\CHECKSEC.Core\CHECKSEC\Core\Services\Collectors\ProxyNetworkCollector.cs(185,33): warning CS8600: Conversion de littéral ayant une valeur null ou d'une éventuelle valeur null en type non-nullable. [C:\CHECKSEC\src\CHECKSEC.Core\CHECKSEC.Core.csproj]
C:\CHECKSEC\src\CHECKSEC.Core\CHECKSEC\Core\Services\Collectors\ExploitProtectionCollector.cs(142,35): warning CS8600: Conversion de littéral ayant une valeur null ou d'une éventuelle valeur null en type non-nullable. [C:\CHECKSEC\src\CHECKSEC.Core\CHECKSEC.Core.csproj]
C:\CHECKSEC\src\CHECKSEC.Core\CHECKSEC\Core\Services\Collectors\ExploitProtectionCollector.cs(143,29): warning CS8600: Conversion de littéral ayant une valeur null ou d'une éventuelle valeur null en type non-nullable. [C:\CHECKSEC\src\CHECKSEC.Core\CHECKSEC.Core.csproj]
C:\CHECKSEC\src\CHECKSEC.Core\CHECKSEC\Core\Services\Collectors\ExploitProtectionCollector.cs(173,38): warning CS8600: Conversion de littéral ayant une valeur null ou d'une éventuelle valeur null en type non-nullable. [C:\CHECKSEC\src\CHECKSEC.Core\CHECKSEC.Core.csproj]
C:\CHECKSEC\src\CHECKSEC.Core\CHECKSEC\Core\Services\Collectors\ExploitProtectionCollector.cs(174,30): warning CS8600: Conversion de littéral ayant une valeur null ou d'une éventuelle valeur null en type non-nullable. [C:\CHECKSEC\src\CHECKSEC.Core\CHECKSEC.Core.csproj]
C:\CHECKSEC\src\CHECKSEC.Core\CHECKSEC\Core\Services\Collectors\ExploitProtectionCollector.cs(216,32): warning CS8600: Conversion de littéral ayant une valeur null ou d'une éventuelle valeur null en type non-nullable. [C:\CHECKSEC\src\CHECKSEC.Core\CHECKSEC.Core.csproj]
C:\CHECKSEC\src\CHECKSEC.Core\CHECKSEC\Core\Services\Collectors\ExploitProtectionCollector.cs(217,33): warning CS8600: Conversion de littéral ayant une valeur null ou d'une éventuelle valeur null en type non-nullable. [C:\CHECKSEC\src\CHECKSEC.Core\CHECKSEC.Core.csproj]
C:\CHECKSEC\src\CHECKSEC.Core\CHECKSEC\Core\Services\Collectors\ExploitProtectionCollector.cs(246,34): warning CS8600: Conversion de littéral ayant une valeur null ou d'une éventuelle valeur null en type non-nullable. [C:\CHECKSEC\src\CHECKSEC.Core\CHECKSEC.Core.csproj]
C:\CHECKSEC\src\CHECKSEC.Core\CHECKSEC\Core\Services\Collectors\ExploitProtectionCollector.cs(247,22): warning CS8600: Conversion de littéral ayant une valeur null ou d'une éventuelle valeur null en type non-nullable. [C:\CHECKSEC\src\CHECKSEC.Core\CHECKSEC.Core.csproj]
C:\CHECKSEC\src\CHECKSEC.Core\CHECKSEC\Core\Services\Collectors\ProxyNetworkCollector.cs(302,31): warning CS8600: Conversion de littéral ayant une valeur null ou d'une éventuelle valeur null en type non-nullable. [C:\CHECKSEC\src\CHECKSEC.Core\CHECKSEC.Core.csproj]
C:\CHECKSEC\src\CHECKSEC.Core\CHECKSEC\Core\Services\Collectors\ProxyNetworkCollector.cs(303,19): warning CS8600: Conversion de littéral ayant une valeur null ou d'une éventuelle valeur null en type non-nullable. [C:\CHECKSEC\src\CHECKSEC.Core\CHECKSEC.Core.csproj]
C:\CHECKSEC\src\CHECKSEC.Core\CHECKSEC\Core\Services\Collectors\ProxyNetworkCollector.cs(320,31): warning CS8600: Conversion de littéral ayant une valeur null ou d'une éventuelle valeur null en type non-nullable. [C:\CHECKSEC\src\CHECKSEC.Core\CHECKSEC.Core.csproj]
C:\CHECKSEC\src\CHECKSEC.Core\CHECKSEC\Core\Services\Collectors\ProxyNetworkCollector.cs(321,13): warning CS8600: Conversion de littéral ayant une valeur null ou d'une éventuelle valeur null en type non-nullable. [C:\CHECKSEC\src\CHECKSEC.Core\CHECKSEC.Core.csproj]
C:\CHECKSEC\src\CHECKSEC.Core\CHECKSEC\Core\Services\Collectors\ProxyNetworkCollector.cs(325,13): warning CS8600: Conversion de littéral ayant une valeur null ou d'une éventuelle valeur null en type non-nullable. [C:\CHECKSEC\src\CHECKSEC.Core\CHECKSEC.Core.csproj]
C:\CHECKSEC\src\CHECKSEC.Core\CHECKSEC\Core\Services\Collectors\FileSystemAclCollector.cs(197,25): warning CS8600: Conversion de littéral ayant une valeur null ou d'une éventuelle valeur null en type non-nullable. [C:\CHECKSEC\src\CHECKSEC.Core\CHECKSEC.Core.csproj]
C:\CHECKSEC\src\CHECKSEC.Core\CHECKSEC\Core\Services\Collectors\FileSystemAclCollector.cs(198,21): warning CS8600: Conversion de littéral ayant une valeur null ou d'une éventuelle valeur null en type non-nullable. [C:\CHECKSEC\src\CHECKSEC.Core\CHECKSEC.Core.csproj]
C:\CHECKSEC\src\CHECKSEC.Core\CHECKSEC\Core\Services\Collectors\FileSystemAclCollector.cs(203,10): warning CS8600: Conversion de littéral ayant une valeur null ou d'une éventuelle valeur null en type non-nullable. [C:\CHECKSEC\src\CHECKSEC.Core\CHECKSEC.Core.csproj]
C:\CHECKSEC\src\CHECKSEC.Core\CHECKSEC\Core\Services\Collectors\ProxyNetworkCollector.cs(337,31): warning CS8600: Conversion de littéral ayant une valeur null ou d'une éventuelle valeur null en type non-nullable. [C:\CHECKSEC\src\CHECKSEC.Core\CHECKSEC.Core.csproj]
C:\CHECKSEC\src\CHECKSEC.Core\CHECKSEC\Core\Services\Collectors\FirewallCollector.cs(116,38): warning CS8600: Conversion de littéral ayant une valeur null ou d'une éventuelle valeur null en type non-nullable. [C:\CHECKSEC\src\CHECKSEC.Core\CHECKSEC.Core.csproj]
C:\CHECKSEC\src\CHECKSEC.Core\CHECKSEC\Core\Services\Collectors\FirewallCollector.cs(117,25): warning CS8600: Conversion de littéral ayant une valeur null ou d'une éventuelle valeur null en type non-nullable. [C:\CHECKSEC\src\CHECKSEC.Core\CHECKSEC.Core.csproj]
C:\CHECKSEC\src\CHECKSEC.Core\CHECKSEC\Core\Services\Collectors\FirewallCollector.cs(135,38): warning CS8600: Conversion de littéral ayant une valeur null ou d'une éventuelle valeur null en type non-nullable. [C:\CHECKSEC\src\CHECKSEC.Core\CHECKSEC.Core.csproj]
C:\CHECKSEC\src\CHECKSEC.Core\CHECKSEC\Core\Services\Collectors\FirewallCollector.cs(136,26): warning CS8600: Conversion de littéral ayant une valeur null ou d'une éventuelle valeur null en type non-nullable. [C:\CHECKSEC\src\CHECKSEC.Core\CHECKSEC.Core.csproj]
C:\CHECKSEC\src\CHECKSEC.Core\CHECKSEC\Core\Services\Collectors\FirewallCollector.cs(167,38): warning CS8600: Conversion de littéral ayant une valeur null ou d'une éventuelle valeur null en type non-nullable. [C:\CHECKSEC\src\CHECKSEC.Core\CHECKSEC.Core.csproj]
C:\CHECKSEC\src\CHECKSEC.Core\CHECKSEC\Core\Services\Collectors\FirewallCollector.cs(168,27): warning CS8600: Conversion de littéral ayant une valeur null ou d'une éventuelle valeur null en type non-nullable. [C:\CHECKSEC\src\CHECKSEC.Core\CHECKSEC.Core.csproj]
C:\CHECKSEC\src\CHECKSEC.Core\CHECKSEC\Core\Services\Collectors\FirewallCollector.cs(190,38): warning CS8600: Conversion de littéral ayant une valeur null ou d'une éventuelle valeur null en type non-nullable. [C:\CHECKSEC\src\CHECKSEC.Core\CHECKSEC.Core.csproj]
C:\CHECKSEC\src\CHECKSEC.Core\CHECKSEC\Core\Services\Collectors\FirewallCollector.cs(191,32): warning CS8600: Conversion de littéral ayant une valeur null ou d'une éventuelle valeur null en type non-nullable. [C:\CHECKSEC\src\CHECKSEC.Core\CHECKSEC.Core.csproj]
C:\CHECKSEC\src\CHECKSEC.Core\CHECKSEC\Core\Services\Collectors\FirewallCollector.cs(208,38): warning CS8600: Conversion de littéral ayant une valeur null ou d'une éventuelle valeur null en type non-nullable. [C:\CHECKSEC\src\CHECKSEC.Core\CHECKSEC.Core.csproj]
C:\CHECKSEC\src\CHECKSEC.Core\CHECKSEC\Core\Services\Collectors\FirewallCollector.cs(209,29): warning CS8600: Conversion de littéral ayant une valeur null ou d'une éventuelle valeur null en type non-nullable. [C:\CHECKSEC\src\CHECKSEC.Core\CHECKSEC.Core.csproj]
C:\CHECKSEC\src\CHECKSEC.Core\CHECKSEC\Core\Services\Collectors\FirewallCollector.cs(226,38): warning CS8600: Conversion de littéral ayant une valeur null ou d'une éventuelle valeur null en type non-nullable. [C:\CHECKSEC\src\CHECKSEC.Core\CHECKSEC.Core.csproj]
C:\CHECKSEC\src\CHECKSEC.Core\CHECKSEC\Core\Services\Collectors\FirewallCollector.cs(227,29): warning CS8600: Conversion de littéral ayant une valeur null ou d'une éventuelle valeur null en type non-nullable. [C:\CHECKSEC\src\CHECKSEC.Core\CHECKSEC.Core.csproj]
C:\CHECKSEC\src\CHECKSEC.Core\CHECKSEC\Core\Services\Collectors\FirewallCollector.cs(244,38): warning CS8600: Conversion de littéral ayant une valeur null ou d'une éventuelle valeur null en type non-nullable. [C:\CHECKSEC\src\CHECKSEC.Core\CHECKSEC.Core.csproj]
C:\CHECKSEC\src\CHECKSEC.Core\CHECKSEC\Core\Services\Collectors\FirewallCollector.cs(246,26): warning CS8600: Conversion de littéral ayant une valeur null ou d'une éventuelle valeur null en type non-nullable. [C:\CHECKSEC\src\CHECKSEC.Core\CHECKSEC.Core.csproj]
C:\CHECKSEC\src\CHECKSEC.Core\CHECKSEC\Core\Services\Collectors\FileSystemAclCollector.cs(333,27): warning CS8604: Existence possible d'un argument de référence null pour le paramètre 'sid' dans 'bool FileSystemAclCollector.IsUnprivilegedSid(SecurityIdentifier sid)'. [C:\CHECKSEC\src\CHECKSEC.Core\CHECKSEC.Core.csproj]
C:\CHECKSEC\src\CHECKSEC.Core\CHECKSEC\Core\Services\Collectors\FileSystemAclCollector.cs(340,36): warning CS8604: Existence possible d'un argument de référence null pour le paramètre 'sid' dans 'string FileSystemAclCollector.ResolveSidLabel(SecurityIdentifier sid)'. [C:\CHECKSEC\src\CHECKSEC.Core\CHECKSEC.Core.csproj]
C:\CHECKSEC\src\CHECKSEC.Core\CHECKSEC\Core\Services\Collectors\FirewallCollector.cs(281,38): warning CS8600: Conversion de littéral ayant une valeur null ou d'une éventuelle valeur null en type non-nullable. [C:\CHECKSEC\src\CHECKSEC.Core\CHECKSEC.Core.csproj]
C:\CHECKSEC\src\CHECKSEC.Core\CHECKSEC\Core\Services\Collectors\FirewallCollector.cs(296,26): warning CS8600: Conversion de littéral ayant une valeur null ou d'une éventuelle valeur null en type non-nullable. [C:\CHECKSEC\src\CHECKSEC.Core\CHECKSEC.Core.csproj]
C:\CHECKSEC\src\CHECKSEC.Core\CHECKSEC\Core\Services\Collectors\FileSystemAclCollector.cs(362,27): warning CS8604: Existence possible d'un argument de référence null pour le paramètre 'sid' dans 'bool FileSystemAclCollector.IsUnprivilegedSid(SecurityIdentifier sid)'. [C:\CHECKSEC\src\CHECKSEC.Core\CHECKSEC.Core.csproj]
C:\CHECKSEC\src\CHECKSEC.Core\CHECKSEC\Core\Services\Collectors\FileSystemAclCollector.cs(368,36): warning CS8604: Existence possible d'un argument de référence null pour le paramètre 'sid' dans 'string FileSystemAclCollector.ResolveSidLabel(SecurityIdentifier sid)'. [C:\CHECKSEC\src\CHECKSEC.Core\CHECKSEC.Core.csproj]
C:\CHECKSEC\src\CHECKSEC.Core\CHECKSEC\Core\Services\Collectors\FirewallCollector.cs(317,25): warning CS8600: Conversion de littéral ayant une valeur null ou d'une éventuelle valeur null en type non-nullable. [C:\CHECKSEC\src\CHECKSEC.Core\CHECKSEC.Core.csproj]
C:\CHECKSEC\src\CHECKSEC.Core\CHECKSEC\Core\Services\Collectors\FirewallCollector.cs(332,22): warning CS8600: Conversion de littéral ayant une valeur null ou d'une éventuelle valeur null en type non-nullable. [C:\CHECKSEC\src\CHECKSEC.Core\CHECKSEC.Core.csproj]
C:\CHECKSEC\src\CHECKSEC.Core\CHECKSEC\Core\Services\Collectors\FirewallCollector.cs(335,15): warning CS8600: Conversion de littéral ayant une valeur null ou d'une éventuelle valeur null en type non-nullable. [C:\CHECKSEC\src\CHECKSEC.Core\CHECKSEC.Core.csproj]
C:\CHECKSEC\src\CHECKSEC.Core\CHECKSEC\Core\Services\Collectors\FirewallCollector.cs(420,27): warning CS8600: Conversion de littéral ayant une valeur null ou d'une éventuelle valeur null en type non-nullable. [C:\CHECKSEC\src\CHECKSEC.Core\CHECKSEC.Core.csproj]
C:\CHECKSEC\src\CHECKSEC.Core\CHECKSEC\Core\Services\Collectors\LapsCollector.cs(55,34): warning CS8600: Conversion de littéral ayant une valeur null ou d'une éventuelle valeur null en type non-nullable. [C:\CHECKSEC\src\CHECKSEC.Core\CHECKSEC.Core.csproj]
C:\CHECKSEC\src\CHECKSEC.Core\CHECKSEC\Core\Services\Collectors\LapsCollector.cs(71,32): warning CS8600: Conversion de littéral ayant une valeur null ou d'une éventuelle valeur null en type non-nullable. [C:\CHECKSEC\src\CHECKSEC.Core\CHECKSEC.Core.csproj]
C:\CHECKSEC\src\CHECKSEC.Core\CHECKSEC\Core\Services\Collectors\LapsCollector.cs(84,37): warning CS8600: Conversion de littéral ayant une valeur null ou d'une éventuelle valeur null en type non-nullable. [C:\CHECKSEC\src\CHECKSEC.Core\CHECKSEC.Core.csproj]
C:\CHECKSEC\src\CHECKSEC.Core\CHECKSEC\Core\Services\Collectors\LapsCollector.cs(100,33): warning CS8600: Conversion de littéral ayant une valeur null ou d'une éventuelle valeur null en type non-nullable. [C:\CHECKSEC\src\CHECKSEC.Core\CHECKSEC.Core.csproj]
C:\CHECKSEC\src\CHECKSEC.Core\CHECKSEC\Core\Services\Collectors\KerberosCollector.cs(73,43): warning CS8600: Conversion de littéral ayant une valeur null ou d'une éventuelle valeur null en type non-nullable. [C:\CHECKSEC\src\CHECKSEC.Core\CHECKSEC.Core.csproj]
C:\CHECKSEC\src\CHECKSEC.Core\CHECKSEC\Core\Services\Collectors\KerberosCollector.cs(81,46): warning CS8600: Conversion de littéral ayant une valeur null ou d'une éventuelle valeur null en type non-nullable. [C:\CHECKSEC\src\CHECKSEC.Core\CHECKSEC.Core.csproj]
C:\CHECKSEC\src\CHECKSEC.Core\CHECKSEC\Core\Services\Collectors\KerberosCollector.cs(151,35): warning CS8600: Conversion de littéral ayant une valeur null ou d'une éventuelle valeur null en type non-nullable. [C:\CHECKSEC\src\CHECKSEC.Core\CHECKSEC.Core.csproj]
C:\CHECKSEC\src\CHECKSEC.Core\CHECKSEC\Core\Services\Collectors\LocalGroupCollector.cs(72,25): warning CS8600: Conversion de littéral ayant une valeur null ou d'une éventuelle valeur null en type non-nullable. [C:\CHECKSEC\src\CHECKSEC.Core\CHECKSEC.Core.csproj]
C:\CHECKSEC\src\CHECKSEC.Core\CHECKSEC\Core\Services\Collectors\LocalGroupCollector.cs(73,23): warning CS8600: Conversion de littéral ayant une valeur null ou d'une éventuelle valeur null en type non-nullable. [C:\CHECKSEC\src\CHECKSEC.Core\CHECKSEC.Core.csproj]
C:\CHECKSEC\src\CHECKSEC.Core\CHECKSEC\Core\Services\Collectors\LocalGroupCollector.cs(84,21): warning CS8600: Conversion de littéral ayant une valeur null ou d'une éventuelle valeur null en type non-nullable. [C:\CHECKSEC\src\CHECKSEC.Core\CHECKSEC.Core.csproj]
C:\CHECKSEC\src\CHECKSEC.Core\CHECKSEC\Core\Services\Collectors\LocalGroupCollector.cs(85,19): warning CS8600: Conversion de littéral ayant une valeur null ou d'une éventuelle valeur null en type non-nullable. [C:\CHECKSEC\src\CHECKSEC.Core\CHECKSEC.Core.csproj]
C:\CHECKSEC\src\CHECKSEC.Core\CHECKSEC\Core\Services\Collectors\LocalGroupCollector.cs(194,23): warning CS8600: Conversion de littéral ayant une valeur null ou d'une éventuelle valeur null en type non-nullable. [C:\CHECKSEC\src\CHECKSEC.Core\CHECKSEC.Core.csproj]
C:\CHECKSEC\src\CHECKSEC.Core\CHECKSEC\Core\Services\Collectors\HardeningCollector.cs(298,42): warning CS8600: Conversion de littéral ayant une valeur null ou d'une éventuelle valeur null en type non-nullable. [C:\CHECKSEC\src\CHECKSEC.Core\CHECKSEC.Core.csproj]
C:\CHECKSEC\src\CHECKSEC.Core\CHECKSEC\Core\Services\Collectors\HardeningCollector.cs(314,46): warning CS8600: Conversion de littéral ayant une valeur null ou d'une éventuelle valeur null en type non-nullable. [C:\CHECKSEC\src\CHECKSEC.Core\CHECKSEC.Core.csproj]
C:\CHECKSEC\src\CHECKSEC.Core\CHECKSEC\Core\Services\Collectors\HardeningCollector.cs(322,29): warning CS8600: Conversion de littéral ayant une valeur null ou d'une éventuelle valeur null en type non-nullable. [C:\CHECKSEC\src\CHECKSEC.Core\CHECKSEC.Core.csproj]
C:\CHECKSEC\src\CHECKSEC.Core\CHECKSEC\Core\Services\Collectors\KerberosCollector.cs(306,38): warning CS8600: Conversion de littéral ayant une valeur null ou d'une éventuelle valeur null en type non-nullable. [C:\CHECKSEC\src\CHECKSEC.Core\CHECKSEC.Core.csproj]
C:\CHECKSEC\src\CHECKSEC.Core\CHECKSEC\Core\Services\Collectors\KerberosCollector.cs(312,46): warning CS8600: Conversion de littéral ayant une valeur null ou d'une éventuelle valeur null en type non-nullable. [C:\CHECKSEC\src\CHECKSEC.Core\CHECKSEC.Core.csproj]
C:\CHECKSEC\src\CHECKSEC.Core\CHECKSEC\Core\Services\Collectors\KerberosCollector.cs(344,36): warning CS8600: Conversion de littéral ayant une valeur null ou d'une éventuelle valeur null en type non-nullable. [C:\CHECKSEC\src\CHECKSEC.Core\CHECKSEC.Core.csproj]
C:\CHECKSEC\src\CHECKSEC.Core\CHECKSEC\Core\Services\Collectors\KerberosCollector.cs(421,42): warning CS8600: Conversion de littéral ayant une valeur null ou d'une éventuelle valeur null en type non-nullable. [C:\CHECKSEC\src\CHECKSEC.Core\CHECKSEC.Core.csproj]
C:\CHECKSEC\src\CHECKSEC.Core\CHECKSEC\Core\Services\Collectors\HardeningCollector.cs(542,27): warning CS8600: Conversion de littéral ayant une valeur null ou d'une éventuelle valeur null en type non-nullable. [C:\CHECKSEC\src\CHECKSEC.Core\CHECKSEC.Core.csproj]
C:\CHECKSEC\src\CHECKSEC.Core\CHECKSEC\Core\Services\Collectors\HardeningCollector.cs(549,21): warning CS8600: Conversion de littéral ayant une valeur null ou d'une éventuelle valeur null en type non-nullable. [C:\CHECKSEC\src\CHECKSEC.Core\CHECKSEC.Core.csproj]
C:\CHECKSEC\src\CHECKSEC.Core\CHECKSEC\Core\Services\Collectors\LocalGroupCollector.cs(363,21): warning CS8600: Conversion de littéral ayant une valeur null ou d'une éventuelle valeur null en type non-nullable. [C:\CHECKSEC\src\CHECKSEC.Core\CHECKSEC.Core.csproj]
C:\CHECKSEC\src\CHECKSEC.Core\CHECKSEC\Core\Services\Collectors\LocalGroupCollector.cs(407,29): warning CS8600: Conversion de littéral ayant une valeur null ou d'une éventuelle valeur null en type non-nullable. [C:\CHECKSEC\src\CHECKSEC.Core\CHECKSEC.Core.csproj]
C:\CHECKSEC\src\CHECKSEC.Core\CHECKSEC\Core\Services\Collectors\LocalGroupCollector.cs(516,11): warning CS8603: Existence possible d'un retour de référence null. [C:\CHECKSEC\src\CHECKSEC.Core\CHECKSEC.Core.csproj]
C:\CHECKSEC\src\CHECKSEC.Core\CHECKSEC\Core\Services\Collectors\LocalGroupCollector.cs(520,11): warning CS8603: Existence possible d'un retour de référence null. [C:\CHECKSEC\src\CHECKSEC.Core\CHECKSEC.Core.csproj]
C:\CHECKSEC\src\CHECKSEC.Core\CHECKSEC\Core\Services\Collectors\KerberosCollector.cs(468,29): warning CS8600: Conversion de littéral ayant une valeur null ou d'une éventuelle valeur null en type non-nullable. [C:\CHECKSEC\src\CHECKSEC.Core\CHECKSEC.Core.csproj]
C:\CHECKSEC\src\CHECKSEC.Core\CHECKSEC\Core\Services\Collectors\KerberosCollector.cs(531,40): warning CS8600: Conversion de littéral ayant une valeur null ou d'une éventuelle valeur null en type non-nullable. [C:\CHECKSEC\src\CHECKSEC.Core\CHECKSEC.Core.csproj]
C:\CHECKSEC\src\CHECKSEC.Core\CHECKSEC\Core\Services\Collectors\HardeningCollector.cs(625,35): warning CS8600: Conversion de littéral ayant une valeur null ou d'une éventuelle valeur null en type non-nullable. [C:\CHECKSEC\src\CHECKSEC.Core\CHECKSEC.Core.csproj]
C:\CHECKSEC\src\CHECKSEC.Core\CHECKSEC\Core\Services\Collectors\HardeningCollector.cs(626,25): warning CS8600: Conversion de littéral ayant une valeur null ou d'une éventuelle valeur null en type non-nullable. [C:\CHECKSEC\src\CHECKSEC.Core\CHECKSEC.Core.csproj]
C:\CHECKSEC\src\CHECKSEC.Core\CHECKSEC\Core\Services\Collectors\KerberosCollector.cs(558,36): warning CS8600: Conversion de littéral ayant une valeur null ou d'une éventuelle valeur null en type non-nullable. [C:\CHECKSEC\src\CHECKSEC.Core\CHECKSEC.Core.csproj]
C:\CHECKSEC\src\CHECKSEC.Core\CHECKSEC\Core\Services\Collectors\HardeningCollector.cs(643,35): warning CS8600: Conversion de littéral ayant une valeur null ou d'une éventuelle valeur null en type non-nullable. [C:\CHECKSEC\src\CHECKSEC.Core\CHECKSEC.Core.csproj]
C:\CHECKSEC\src\CHECKSEC.Core\CHECKSEC\Core\Services\Collectors\HardeningCollector.cs(644,13): warning CS8600: Conversion de littéral ayant une valeur null ou d'une éventuelle valeur null en type non-nullable. [C:\CHECKSEC\src\CHECKSEC.Core\CHECKSEC.Core.csproj]
C:\CHECKSEC\src\CHECKSEC.Core\CHECKSEC\Core\Services\Collectors\HardeningCollector.cs(648,13): warning CS8600: Conversion de littéral ayant une valeur null ou d'une éventuelle valeur null en type non-nullable. [C:\CHECKSEC\src\CHECKSEC.Core\CHECKSEC.Core.csproj]
C:\CHECKSEC\src\CHECKSEC.Core\CHECKSEC\Core\Services\Collectors\KerberosCollector.cs(614,32): warning CS8600: Conversion de littéral ayant une valeur null ou d'une éventuelle valeur null en type non-nullable. [C:\CHECKSEC\src\CHECKSEC.Core\CHECKSEC.Core.csproj]
C:\CHECKSEC\src\CHECKSEC.Core\CHECKSEC\Core\Services\Collectors\KerberosCollector.cs(633,32): warning CS8600: Conversion de littéral ayant une valeur null ou d'une éventuelle valeur null en type non-nullable. [C:\CHECKSEC\src\CHECKSEC.Core\CHECKSEC.Core.csproj]
C:\CHECKSEC\src\CHECKSEC.Core\CHECKSEC\Core\Services\Collectors\KerberosCollector.cs(652,43): warning CS8600: Conversion de littéral ayant une valeur null ou d'une éventuelle valeur null en type non-nullable. [C:\CHECKSEC\src\CHECKSEC.Core\CHECKSEC.Core.csproj]
C:\CHECKSEC\src\CHECKSEC.Core\CHECKSEC\Core\Services\Collectors\KerberosCollector.cs(671,43): warning CS8600: Conversion de littéral ayant une valeur null ou d'une éventuelle valeur null en type non-nullable. [C:\CHECKSEC\src\CHECKSEC.Core\CHECKSEC.Core.csproj]
C:\CHECKSEC\src\CHECKSEC.Core\CHECKSEC\Core\Services\Collectors\LsaProtectionCollector.cs(54,31): warning CS8600: Conversion de littéral ayant une valeur null ou d'une éventuelle valeur null en type non-nullable. [C:\CHECKSEC\src\CHECKSEC.Core\CHECKSEC.Core.csproj]
C:\CHECKSEC\src\CHECKSEC.Core\CHECKSEC\Core\Services\Collectors\LsaProtectionCollector.cs(70,25): warning CS8600: Conversion de littéral ayant une valeur null ou d'une éventuelle valeur null en type non-nullable. [C:\CHECKSEC\src\CHECKSEC.Core\CHECKSEC.Core.csproj]
C:\CHECKSEC\src\CHECKSEC.Core\CHECKSEC\Core\Services\Collectors\PrintSpoolerCollector.cs(58,35): warning CS8600: Conversion de littéral ayant une valeur null ou d'une éventuelle valeur null en type non-nullable. [C:\CHECKSEC\src\CHECKSEC.Core\CHECKSEC.Core.csproj]
C:\CHECKSEC\src\CHECKSEC.Core\CHECKSEC\Core\Services\Collectors\PrintSpoolerCollector.cs(74,24): warning CS8600: Conversion de littéral ayant une valeur null ou d'une éventuelle valeur null en type non-nullable. [C:\CHECKSEC\src\CHECKSEC.Core\CHECKSEC.Core.csproj]
C:\CHECKSEC\src\CHECKSEC.Core\CHECKSEC\Core\Services\Collectors\LogConfigCollector.cs(282,31): warning CS8600: Conversion de littéral ayant une valeur null ou d'une éventuelle valeur null en type non-nullable. [C:\CHECKSEC\src\CHECKSEC.Core\CHECKSEC.Core.csproj]
C:\CHECKSEC\src\CHECKSEC.Core\CHECKSEC\Core\Services\Collectors\LogConfigCollector.cs(283,19): warning CS8600: Conversion de littéral ayant une valeur null ou d'une éventuelle valeur null en type non-nullable. [C:\CHECKSEC\src\CHECKSEC.Core\CHECKSEC.Core.csproj]
C:\CHECKSEC\src\CHECKSEC.Core\CHECKSEC\Core\Services\Collectors\LogConfigCollector.cs(284,11): warning CS8603: Existence possible d'un retour de référence null. [C:\CHECKSEC\src\CHECKSEC.Core\CHECKSEC.Core.csproj]
C:\CHECKSEC\src\CHECKSEC.Core\CHECKSEC\Core\Services\Collectors\LogConfigCollector.cs(288,11): warning CS8603: Existence possible d'un retour de référence null. [C:\CHECKSEC\src\CHECKSEC.Core\CHECKSEC.Core.csproj]
C:\CHECKSEC\src\CHECKSEC.Core\CHECKSEC\Core\Services\Collectors\LsaProtectionCollector.cs(131,31): warning CS8600: Conversion de littéral ayant une valeur null ou d'une éventuelle valeur null en type non-nullable. [C:\CHECKSEC\src\CHECKSEC.Core\CHECKSEC.Core.csproj]
C:\CHECKSEC\src\CHECKSEC.Core\CHECKSEC\Core\Services\Collectors\LsaProtectionCollector.cs(134,40): warning CS8600: Conversion de littéral ayant une valeur null ou d'une éventuelle valeur null en type non-nullable. [C:\CHECKSEC\src\CHECKSEC.Core\CHECKSEC.Core.csproj]
C:\CHECKSEC\src\CHECKSEC.Core\CHECKSEC\Core\Services\Collectors\LsaProtectionCollector.cs(150,33): warning CS8600: Conversion de littéral ayant une valeur null ou d'une éventuelle valeur null en type non-nullable. [C:\CHECKSEC\src\CHECKSEC.Core\CHECKSEC.Core.csproj]
C:\CHECKSEC\src\CHECKSEC.Core\CHECKSEC\Core\Services\Collectors\LsaProtectionCollector.cs(176,26): warning CS8600: Conversion de littéral ayant une valeur null ou d'une éventuelle valeur null en type non-nullable. [C:\CHECKSEC\src\CHECKSEC.Core\CHECKSEC.Core.csproj]
C:\CHECKSEC\src\CHECKSEC.Core\CHECKSEC\Core\Services\Collectors\LogConfigCollector.cs(26,17): warning CS8618: Le champ « DisplayName » non-nullable doit contenir une valeur autre que Null lors de la fermeture du constructeur. Envisagez d’ajouter le modificateur « required » ou de déclarer le champ comme pouvant accepter la valeur Null. [C:\CHECKSEC\src\CHECKSEC.Core\CHECKSEC.Core.csproj]
C:\CHECKSEC\src\CHECKSEC.Core\CHECKSEC\Core\Services\Collectors\LogConfigCollector.cs(27,17): warning CS8618: Le champ « RegistryName » non-nullable doit contenir une valeur autre que Null lors de la fermeture du constructeur. Envisagez d’ajouter le modificateur « required » ou de déclarer le champ comme pouvant accepter la valeur Null. [C:\CHECKSEC\src\CHECKSEC.Core\CHECKSEC.Core.csproj]
C:\CHECKSEC\src\CHECKSEC.Core\CHECKSEC\Core\Services\Collectors\PrintSpoolerCollector.cs(128,36): warning CS8600: Conversion de littéral ayant une valeur null ou d'une éventuelle valeur null en type non-nullable. [C:\CHECKSEC\src\CHECKSEC.Core\CHECKSEC.Core.csproj]
C:\CHECKSEC\src\CHECKSEC.Core\CHECKSEC\Core\Services\Collectors\PrintSpoolerCollector.cs(129,30): warning CS8600: Conversion de littéral ayant une valeur null ou d'une éventuelle valeur null en type non-nullable. [C:\CHECKSEC\src\CHECKSEC.Core\CHECKSEC.Core.csproj]
C:\CHECKSEC\src\CHECKSEC.Core\CHECKSEC\Core\Services\Collectors\PrintSpoolerCollector.cs(159,41): warning CS8600: Conversion de littéral ayant une valeur null ou d'une éventuelle valeur null en type non-nullable. [C:\CHECKSEC\src\CHECKSEC.Core\CHECKSEC.Core.csproj]
C:\CHECKSEC\src\CHECKSEC.Core\CHECKSEC\Core\Services\Collectors\PrintSpoolerCollector.cs(160,28): warning CS8600: Conversion de littéral ayant une valeur null ou d'une éventuelle valeur null en type non-nullable. [C:\CHECKSEC\src\CHECKSEC.Core\CHECKSEC.Core.csproj]
C:\CHECKSEC\src\CHECKSEC.Core\CHECKSEC\Core\Services\Collectors\ModernWindowsFeaturesCollector.cs(111,37): warning CS8600: Conversion de littéral ayant une valeur null ou d'une éventuelle valeur null en type non-nullable. [C:\CHECKSEC\src\CHECKSEC.Core\CHECKSEC.Core.csproj]
C:\CHECKSEC\src\CHECKSEC.Core\CHECKSEC\Core\Services\Collectors\MdeCollector.cs(94,34): warning CS8600: Conversion de littéral ayant une valeur null ou d'une éventuelle valeur null en type non-nullable. [C:\CHECKSEC\src\CHECKSEC.Core\CHECKSEC.Core.csproj]
C:\CHECKSEC\src\CHECKSEC.Core\CHECKSEC\Core\Services\Collectors\MdeCollector.cs(170,34): warning CS8600: Conversion de littéral ayant une valeur null ou d'une éventuelle valeur null en type non-nullable. [C:\CHECKSEC\src\CHECKSEC.Core\CHECKSEC.Core.csproj]
C:\CHECKSEC\src\CHECKSEC.Core\CHECKSEC\Core\Services\Collectors\MdeCollector.cs(171,42): warning CS8600: Conversion de littéral ayant une valeur null ou d'une éventuelle valeur null en type non-nullable. [C:\CHECKSEC\src\CHECKSEC.Core\CHECKSEC.Core.csproj]
C:\CHECKSEC\src\CHECKSEC.Core\CHECKSEC\Core\Services\Collectors\ModernWindowsFeaturesCollector.cs(289,31): warning CS8600: Conversion de littéral ayant une valeur null ou d'une éventuelle valeur null en type non-nullable. [C:\CHECKSEC\src\CHECKSEC.Core\CHECKSEC.Core.csproj]
C:\CHECKSEC\src\CHECKSEC.Core\CHECKSEC\Core\Services\Collectors\ModernWindowsFeaturesCollector.cs(290,19): warning CS8600: Conversion de littéral ayant une valeur null ou d'une éventuelle valeur null en type non-nullable. [C:\CHECKSEC\src\CHECKSEC.Core\CHECKSEC.Core.csproj]
C:\CHECKSEC\src\CHECKSEC.Core\CHECKSEC\Core\Services\Collectors\ModernWindowsFeaturesCollector.cs(306,31): warning CS8600: Conversion de littéral ayant une valeur null ou d'une éventuelle valeur null en type non-nullable. [C:\CHECKSEC\src\CHECKSEC.Core\CHECKSEC.Core.csproj]
C:\CHECKSEC\src\CHECKSEC.Core\CHECKSEC\Core\Services\Collectors\PersistenceSignatureCollector.cs(320,24): warning CS8625: Impossible de convertir un littéral ayant une valeur null en type référence non-nullable. [C:\CHECKSEC\src\CHECKSEC.Core\CHECKSEC.Core.csproj]
C:\CHECKSEC\src\CHECKSEC.Core\CHECKSEC\Core\Services\Collectors\NetworkSecCollector.cs(102,37): warning CS8600: Conversion de littéral ayant une valeur null ou d'une éventuelle valeur null en type non-nullable. [C:\CHECKSEC\src\CHECKSEC.Core\CHECKSEC.Core.csproj]
C:\CHECKSEC\src\CHECKSEC.Core\CHECKSEC\Core\Services\Collectors\PersistenceSignatureCollector.cs(405,27): warning SYSLIB0057: 'X509Certificate.CreateFromSignedFile(string)' est obsolète : 'Loading certificate data through the constructor or Import is obsolete. Use X509CertificateLoader instead to load certificates.' (https://aka.ms/dotnet-warnings/SYSLIB0057) [C:\CHECKSEC\src\CHECKSEC.Core\CHECKSEC.Core.csproj]
C:\CHECKSEC\src\CHECKSEC.Core\CHECKSEC\Core\Services\Collectors\NetworkSecCollector.cs(140,37): warning CS8600: Conversion de littéral ayant une valeur null ou d'une éventuelle valeur null en type non-nullable. [C:\CHECKSEC\src\CHECKSEC.Core\CHECKSEC.Core.csproj]
C:\CHECKSEC\src\CHECKSEC.Core\CHECKSEC\Core\Services\Collectors\NetworkSecCollector.cs(209,33): warning CS8600: Conversion de littéral ayant une valeur null ou d'une éventuelle valeur null en type non-nullable. [C:\CHECKSEC\src\CHECKSEC.Core\CHECKSEC.Core.csproj]
C:\CHECKSEC\src\CHECKSEC.Core\CHECKSEC\Core\Services\Collectors\NetworkSecCollector.cs(210,37): warning CS8600: Conversion de littéral ayant une valeur null ou d'une éventuelle valeur null en type non-nullable. [C:\CHECKSEC\src\CHECKSEC.Core\CHECKSEC.Core.csproj]
C:\CHECKSEC\src\CHECKSEC.Core\CHECKSEC\Core\Services\Collectors\MdeCollector.cs(273,34): warning CS8600: Conversion de littéral ayant une valeur null ou d'une éventuelle valeur null en type non-nullable. [C:\CHECKSEC\src\CHECKSEC.Core\CHECKSEC.Core.csproj]
C:\CHECKSEC\src\CHECKSEC.Core\CHECKSEC\Core\Services\Collectors\PersistenceSignatureCollector.cs(443,32): warning CS8600: Conversion de littéral ayant une valeur null ou d'une éventuelle valeur null en type non-nullable. [C:\CHECKSEC\src\CHECKSEC.Core\CHECKSEC.Core.csproj]
C:\CHECKSEC\src\CHECKSEC.Core\CHECKSEC\Core\Services\Collectors\NetworkSecCollector.cs(227,41): warning CS8600: Conversion de littéral ayant une valeur null ou d'une éventuelle valeur null en type non-nullable. [C:\CHECKSEC\src\CHECKSEC.Core\CHECKSEC.Core.csproj]
C:\CHECKSEC\src\CHECKSEC.Core\CHECKSEC\Core\Services\Collectors\NetworkSecCollector.cs(267,31): warning CS8600: Conversion de littéral ayant une valeur null ou d'une éventuelle valeur null en type non-nullable. [C:\CHECKSEC\src\CHECKSEC.Core\CHECKSEC.Core.csproj]
C:\CHECKSEC\src\CHECKSEC.Core\CHECKSEC\Core\Services\Collectors\PersistenceSignatureCollector.cs(541,36): warning CS8600: Conversion de littéral ayant une valeur null ou d'une éventuelle valeur null en type non-nullable. [C:\CHECKSEC\src\CHECKSEC.Core\CHECKSEC.Core.csproj]
C:\CHECKSEC\src\CHECKSEC.Core\CHECKSEC\Core\Services\Collectors\NetworkSecCollector.cs(277,28): warning CS8600: Conversion de littéral ayant une valeur null ou d'une éventuelle valeur null en type non-nullable. [C:\CHECKSEC\src\CHECKSEC.Core\CHECKSEC.Core.csproj]
C:\CHECKSEC\src\CHECKSEC.Core\CHECKSEC\Core\Services\Collectors\NetworkSecCollector.cs(301,30): warning CS8600: Conversion de littéral ayant une valeur null ou d'une éventuelle valeur null en type non-nullable. [C:\CHECKSEC\src\CHECKSEC.Core\CHECKSEC.Core.csproj]
C:\CHECKSEC\src\CHECKSEC.Core\CHECKSEC\Core\Services\Collectors\NetworkSecCollector.cs(308,30): warning CS8600: Conversion de littéral ayant une valeur null ou d'une éventuelle valeur null en type non-nullable. [C:\CHECKSEC\src\CHECKSEC.Core\CHECKSEC.Core.csproj]
C:\CHECKSEC\src\CHECKSEC.Core\CHECKSEC\Core\Services\Collectors\NetworkSecCollector.cs(327,22): warning CS8600: Conversion de littéral ayant une valeur null ou d'une éventuelle valeur null en type non-nullable. [C:\CHECKSEC\src\CHECKSEC.Core\CHECKSEC.Core.csproj]
C:\CHECKSEC\src\CHECKSEC.Core\CHECKSEC\Core\Services\Collectors\NetworkSecCollector.cs(339,22): warning CS8600: Conversion de littéral ayant une valeur null ou d'une éventuelle valeur null en type non-nullable. [C:\CHECKSEC\src\CHECKSEC.Core\CHECKSEC.Core.csproj]
C:\CHECKSEC\src\CHECKSEC.Core\CHECKSEC\Core\Services\Collectors\NetworkSecCollector.cs(341,31): warning CS8600: Conversion de littéral ayant une valeur null ou d'une éventuelle valeur null en type non-nullable. [C:\CHECKSEC\src\CHECKSEC.Core\CHECKSEC.Core.csproj]
C:\CHECKSEC\src\CHECKSEC.Core\CHECKSEC\Core\Services\Collectors\NetworkSecCollector.cs(344,31): warning CS8600: Conversion de littéral ayant une valeur null ou d'une éventuelle valeur null en type non-nullable. [C:\CHECKSEC\src\CHECKSEC.Core\CHECKSEC.Core.csproj]
C:\CHECKSEC\src\CHECKSEC.Core\CHECKSEC\Core\Services\Collectors\NetworkSecCollector.cs(347,29): warning CS8600: Conversion de littéral ayant une valeur null ou d'une éventuelle valeur null en type non-nullable. [C:\CHECKSEC\src\CHECKSEC.Core\CHECKSEC.Core.csproj]
C:\CHECKSEC\src\CHECKSEC.Core\CHECKSEC\Core\Services\Collectors\NetworkSecCollector.cs(350,31): warning CS8600: Conversion de littéral ayant une valeur null ou d'une éventuelle valeur null en type non-nullable. [C:\CHECKSEC\src\CHECKSEC.Core\CHECKSEC.Core.csproj]
C:\CHECKSEC\src\CHECKSEC.Core\CHECKSEC\Core\Services\Collectors\NetworkSecCollector.cs(352,29): warning CS8600: Conversion de littéral ayant une valeur null ou d'une éventuelle valeur null en type non-nullable. [C:\CHECKSEC\src\CHECKSEC.Core\CHECKSEC.Core.csproj]
C:\CHECKSEC\src\CHECKSEC.Core\CHECKSEC\Core\Services\Collectors\MdeCollector.cs(419,36): warning CS8600: Conversion de littéral ayant une valeur null ou d'une éventuelle valeur null en type non-nullable. [C:\CHECKSEC\src\CHECKSEC.Core\CHECKSEC.Core.csproj]
C:\CHECKSEC\src\CHECKSEC.Core\CHECKSEC\Core\Services\Collectors\MdeCollector.cs(420,37): warning CS8600: Conversion de littéral ayant une valeur null ou d'une éventuelle valeur null en type non-nullable. [C:\CHECKSEC\src\CHECKSEC.Core\CHECKSEC.Core.csproj]
C:\CHECKSEC\src\CHECKSEC.Core\CHECKSEC\Core\Services\Collectors\MdeCollector.cs(421,36): warning CS8600: Conversion de littéral ayant une valeur null ou d'une éventuelle valeur null en type non-nullable. [C:\CHECKSEC\src\CHECKSEC.Core\CHECKSEC.Core.csproj]
C:\CHECKSEC\src\CHECKSEC.Core\CHECKSEC\Core\Services\Collectors\OfficeMacroCollector.cs(84,34): warning CS8600: Conversion de littéral ayant une valeur null ou d'une éventuelle valeur null en type non-nullable. [C:\CHECKSEC\src\CHECKSEC.Core\CHECKSEC.Core.csproj]
C:\CHECKSEC\src\CHECKSEC.Core\CHECKSEC\Core\Services\Collectors\NetworkSecCollector.cs(359,26): warning CS8600: Conversion de littéral ayant une valeur null ou d'une éventuelle valeur null en type non-nullable. [C:\CHECKSEC\src\CHECKSEC.Core\CHECKSEC.Core.csproj]
C:\CHECKSEC\src\CHECKSEC.Core\CHECKSEC\Core\Services\Collectors\NetworkSecCollector.cs(372,30): warning CS8600: Conversion de littéral ayant une valeur null ou d'une éventuelle valeur null en type non-nullable. [C:\CHECKSEC\src\CHECKSEC.Core\CHECKSEC.Core.csproj]
C:\CHECKSEC\src\CHECKSEC.Core\CHECKSEC\Core\Services\Collectors\NetworkSecCollector.cs(376,30): warning CS8600: Conversion de littéral ayant une valeur null ou d'une éventuelle valeur null en type non-nullable. [C:\CHECKSEC\src\CHECKSEC.Core\CHECKSEC.Core.csproj]
C:\CHECKSEC\src\CHECKSEC.Core\CHECKSEC\Core\Services\Collectors\NetworkSecCollector.cs(380,30): warning CS8600: Conversion de littéral ayant une valeur null ou d'une éventuelle valeur null en type non-nullable. [C:\CHECKSEC\src\CHECKSEC.Core\CHECKSEC.Core.csproj]
C:\CHECKSEC\src\CHECKSEC.Core\CHECKSEC\Core\Services\Collectors\NetworkSecCollector.cs(399,36): warning CS8600: Conversion de littéral ayant une valeur null ou d'une éventuelle valeur null en type non-nullable. [C:\CHECKSEC\src\CHECKSEC.Core\CHECKSEC.Core.csproj]
C:\CHECKSEC\src\CHECKSEC.Core\CHECKSEC\Core\Services\Collectors\NetworkSharesCollector.cs(218,33): warning CS8600: Conversion de littéral ayant une valeur null ou d'une éventuelle valeur null en type non-nullable. [C:\CHECKSEC\src\CHECKSEC.Core\CHECKSEC.Core.csproj]
C:\CHECKSEC\src\CHECKSEC.Core\CHECKSEC\Core\Services\Collectors\NetworkSharesCollector.cs(269,34): warning CS8600: Conversion de littéral ayant une valeur null ou d'une éventuelle valeur null en type non-nullable. [C:\CHECKSEC\src\CHECKSEC.Core\CHECKSEC.Core.csproj]
C:\CHECKSEC\src\CHECKSEC.Core\CHECKSEC\Core\Services\Collectors\NetworkSharesCollector.cs(294,37): warning CS8600: Conversion de littéral ayant une valeur null ou d'une éventuelle valeur null en type non-nullable. [C:\CHECKSEC\src\CHECKSEC.Core\CHECKSEC.Core.csproj]
C:\CHECKSEC\src\CHECKSEC.Core\CHECKSEC\Core\Services\Collectors\NetworkSecCollector.cs(420,35): warning CS8600: Conversion de littéral ayant une valeur null ou d'une éventuelle valeur null en type non-nullable. [C:\CHECKSEC\src\CHECKSEC.Core\CHECKSEC.Core.csproj]
C:\CHECKSEC\src\CHECKSEC.Core\CHECKSEC\Core\Services\Collectors\NetworkSecCollector.cs(421,36): warning CS8600: Conversion de littéral ayant une valeur null ou d'une éventuelle valeur null en type non-nullable. [C:\CHECKSEC\src\CHECKSEC.Core\CHECKSEC.Core.csproj]
C:\CHECKSEC\src\CHECKSEC.Core\CHECKSEC\Core\Services\Collectors\OfficeMacroCollector.cs(133,30): warning CS8600: Conversion de littéral ayant une valeur null ou d'une éventuelle valeur null en type non-nullable. [C:\CHECKSEC\src\CHECKSEC.Core\CHECKSEC.Core.csproj]
C:\CHECKSEC\src\CHECKSEC.Core\CHECKSEC\Core\Services\Collectors\OfficeMacroCollector.cs(134,31): warning CS8600: Conversion de littéral ayant une valeur null ou d'une éventuelle valeur null en type non-nullable. [C:\CHECKSEC\src\CHECKSEC.Core\CHECKSEC.Core.csproj]
C:\CHECKSEC\src\CHECKSEC.Core\CHECKSEC\Core\Services\Collectors\OfficeMacroCollector.cs(135,24): warning CS8600: Conversion de littéral ayant une valeur null ou d'une éventuelle valeur null en type non-nullable. [C:\CHECKSEC\src\CHECKSEC.Core\CHECKSEC.Core.csproj]
C:\CHECKSEC\src\CHECKSEC.Core\CHECKSEC\Core\Services\Collectors\OfficeMacroCollector.cs(153,30): warning CS8600: Conversion de littéral ayant une valeur null ou d'une éventuelle valeur null en type non-nullable. [C:\CHECKSEC\src\CHECKSEC.Core\CHECKSEC.Core.csproj]
C:\CHECKSEC\src\CHECKSEC.Core\CHECKSEC\Core\Services\Collectors\OfficeMacroCollector.cs(154,31): warning CS8600: Conversion de littéral ayant une valeur null ou d'une éventuelle valeur null en type non-nullable. [C:\CHECKSEC\src\CHECKSEC.Core\CHECKSEC.Core.csproj]
C:\CHECKSEC\src\CHECKSEC.Core\CHECKSEC\Core\Services\Collectors\OfficeMacroCollector.cs(156,29): warning CS8600: Conversion de littéral ayant une valeur null ou d'une éventuelle valeur null en type non-nullable. [C:\CHECKSEC\src\CHECKSEC.Core\CHECKSEC.Core.csproj]
C:\CHECKSEC\src\CHECKSEC.Core\CHECKSEC\Core\Services\Collectors\MdeCollector.cs(557,36): warning CS8600: Conversion de littéral ayant une valeur null ou d'une éventuelle valeur null en type non-nullable. [C:\CHECKSEC\src\CHECKSEC.Core\CHECKSEC.Core.csproj]
C:\CHECKSEC\src\CHECKSEC.Core\CHECKSEC\Core\Services\Collectors\MdeCollector.cs(595,70): warning CS8600: Conversion de littéral ayant une valeur null ou d'une éventuelle valeur null en type non-nullable. [C:\CHECKSEC\src\CHECKSEC.Core\CHECKSEC.Core.csproj]
C:\CHECKSEC\src\CHECKSEC.Core\CHECKSEC\Core\Services\Collectors\NetworkSecCollector.cs(431,33): warning CS8600: Conversion de littéral ayant une valeur null ou d'une éventuelle valeur null en type non-nullable. [C:\CHECKSEC\src\CHECKSEC.Core\CHECKSEC.Core.csproj]
C:\CHECKSEC\src\CHECKSEC.Core\CHECKSEC\Core\Services\Collectors\NetworkSecCollector.cs(432,31): warning CS8600: Conversion de littéral ayant une valeur null ou d'une éventuelle valeur null en type non-nullable. [C:\CHECKSEC\src\CHECKSEC.Core\CHECKSEC.Core.csproj]
C:\CHECKSEC\src\CHECKSEC.Core\CHECKSEC\Core\Services\Collectors\NetworkSecCollector.cs(433,26): warning CS8600: Conversion de littéral ayant une valeur null ou d'une éventuelle valeur null en type non-nullable. [C:\CHECKSEC\src\CHECKSEC.Core\CHECKSEC.Core.csproj]
C:\CHECKSEC\src\CHECKSEC.Core\CHECKSEC\Core\Services\Collectors\NetworkSecCollector.cs(434,31): warning CS8600: Conversion de littéral ayant une valeur null ou d'une éventuelle valeur null en type non-nullable. [C:\CHECKSEC\src\CHECKSEC.Core\CHECKSEC.Core.csproj]
C:\CHECKSEC\src\CHECKSEC.Core\CHECKSEC\Core\Services\Collectors\NetworkSecCollector.cs(470,33): warning CS8600: Conversion de littéral ayant une valeur null ou d'une éventuelle valeur null en type non-nullable. [C:\CHECKSEC\src\CHECKSEC.Core\CHECKSEC.Core.csproj]
C:\CHECKSEC\src\CHECKSEC.Core\CHECKSEC\Core\Services\Collectors\NetworkSecCollector.cs(477,27): warning CS8600: Conversion de littéral ayant une valeur null ou d'une éventuelle valeur null en type non-nullable. [C:\CHECKSEC\src\CHECKSEC.Core\CHECKSEC.Core.csproj]
C:\CHECKSEC\src\CHECKSEC.Core\CHECKSEC\Core\Services\Collectors\OfficeMacroCollector.cs(211,32): warning CS8600: Conversion de littéral ayant une valeur null ou d'une éventuelle valeur null en type non-nullable. [C:\CHECKSEC\src\CHECKSEC.Core\CHECKSEC.Core.csproj]
C:\CHECKSEC\src\CHECKSEC.Core\CHECKSEC\Core\Services\Collectors\OfficeMacroCollector.cs(212,30): warning CS8600: Conversion de littéral ayant une valeur null ou d'une éventuelle valeur null en type non-nullable. [C:\CHECKSEC\src\CHECKSEC.Core\CHECKSEC.Core.csproj]
C:\CHECKSEC\src\CHECKSEC.Core\CHECKSEC\Core\Services\Collectors\OfficeMacroCollector.cs(213,34): warning CS8600: Conversion de littéral ayant une valeur null ou d'une éventuelle valeur null en type non-nullable. [C:\CHECKSEC\src\CHECKSEC.Core\CHECKSEC.Core.csproj]
C:\CHECKSEC\src\CHECKSEC.Core\CHECKSEC\Core\Services\Collectors\NetworkSharesCollector.cs(347,61): warning CS8600: Conversion de littéral ayant une valeur null ou d'une éventuelle valeur null en type non-nullable. [C:\CHECKSEC\src\CHECKSEC.Core\CHECKSEC.Core.csproj]
C:\CHECKSEC\src\CHECKSEC.Core\CHECKSEC\Core\Services\Collectors\NetworkSharesCollector.cs(348,55): warning CS8600: Conversion de littéral ayant une valeur null ou d'une éventuelle valeur null en type non-nullable. [C:\CHECKSEC\src\CHECKSEC.Core\CHECKSEC.Core.csproj]
C:\CHECKSEC\src\CHECKSEC.Core\CHECKSEC\Core\Services\Collectors\NetworkSharesCollector.cs(354,36): warning CS8600: Conversion de littéral ayant une valeur null ou d'une éventuelle valeur null en type non-nullable. [C:\CHECKSEC\src\CHECKSEC.Core\CHECKSEC.Core.csproj]
C:\CHECKSEC\src\CHECKSEC.Core\CHECKSEC\Core\Services\Collectors\NetworkSharesCollector.cs(363,49): warning CS8600: Conversion de littéral ayant une valeur null ou d'une éventuelle valeur null en type non-nullable. [C:\CHECKSEC\src\CHECKSEC.Core\CHECKSEC.Core.csproj]
C:\CHECKSEC\src\CHECKSEC.Core\CHECKSEC\Core\Services\Collectors\NetworkSharesCollector.cs(479,29): warning CS8600: Conversion de littéral ayant une valeur null ou d'une éventuelle valeur null en type non-nullable. [C:\CHECKSEC\src\CHECKSEC.Core\CHECKSEC.Core.csproj]
C:\CHECKSEC\src\CHECKSEC.Core\CHECKSEC\Core\Services\Collectors\NetworkSharesCollector.cs(480,32): warning CS8600: Conversion de littéral ayant une valeur null ou d'une éventuelle valeur null en type non-nullable. [C:\CHECKSEC\src\CHECKSEC.Core\CHECKSEC.Core.csproj]
C:\CHECKSEC\src\CHECKSEC.Core\CHECKSEC\Core\Services\Collectors\NetworkSharesCollector.cs(566,37): warning CS8600: Conversion de littéral ayant une valeur null ou d'une éventuelle valeur null en type non-nullable. [C:\CHECKSEC\src\CHECKSEC.Core\CHECKSEC.Core.csproj]
C:\CHECKSEC\src\CHECKSEC.Core\CHECKSEC\Core\Services\Collectors\OfficeMacroCollector.cs(271,35): warning CS8600: Conversion de littéral ayant une valeur null ou d'une éventuelle valeur null en type non-nullable. [C:\CHECKSEC\src\CHECKSEC.Core\CHECKSEC.Core.csproj]
C:\CHECKSEC\src\CHECKSEC.Core\CHECKSEC\Core\Services\Collectors\OfficeMacroCollector.cs(286,31): warning CS8600: Conversion de littéral ayant une valeur null ou d'une éventuelle valeur null en type non-nullable. [C:\CHECKSEC\src\CHECKSEC.Core\CHECKSEC.Core.csproj]
C:\CHECKSEC\src\CHECKSEC.Core\CHECKSEC\Core\Services\Collectors\OfficeMacroCollector.cs(311,30): warning CS8600: Conversion de littéral ayant une valeur null ou d'une éventuelle valeur null en type non-nullable. [C:\CHECKSEC\src\CHECKSEC.Core\CHECKSEC.Core.csproj]
C:\CHECKSEC\src\CHECKSEC.Core\CHECKSEC\Core\Services\Collectors\OfficeMacroCollector.cs(324,29): warning CS8600: Conversion de littéral ayant une valeur null ou d'une éventuelle valeur null en type non-nullable. [C:\CHECKSEC\src\CHECKSEC.Core\CHECKSEC.Core.csproj]
C:\CHECKSEC\src\CHECKSEC.Core\CHECKSEC\Core\Services\Collectors\OfficeMacroCollector.cs(373,29): warning CS8600: Conversion de littéral ayant une valeur null ou d'une éventuelle valeur null en type non-nullable. [C:\CHECKSEC\src\CHECKSEC.Core\CHECKSEC.Core.csproj]
C:\CHECKSEC\src\CHECKSEC.Core\CHECKSEC\Core\Services\Collectors\OfficeMacroCollector.cs(374,30): warning CS8600: Conversion de littéral ayant une valeur null ou d'une éventuelle valeur null en type non-nullable. [C:\CHECKSEC\src\CHECKSEC.Core\CHECKSEC.Core.csproj]
C:\CHECKSEC\src\CHECKSEC.Core\CHECKSEC\Core\Services\Collectors\OfficeMacroCollector.cs(413,23): warning CS8600: Conversion de littéral ayant une valeur null ou d'une éventuelle valeur null en type non-nullable. [C:\CHECKSEC\src\CHECKSEC.Core\CHECKSEC.Core.csproj]
C:\CHECKSEC\src\CHECKSEC.Core\CHECKSEC\Core\Services\Collectors\OfficeMacroCollector.cs(440,23): warning CS8600: Conversion de littéral ayant une valeur null ou d'une éventuelle valeur null en type non-nullable. [C:\CHECKSEC\src\CHECKSEC.Core\CHECKSEC.Core.csproj]
C:\CHECKSEC\src\CHECKSEC.Core\CHECKSEC\Core\Services\Collectors\OfficeMacroCollector.cs(457,28): warning CS8600: Conversion de littéral ayant une valeur null ou d'une éventuelle valeur null en type non-nullable. [C:\CHECKSEC\src\CHECKSEC.Core\CHECKSEC.Core.csproj]
C:\CHECKSEC\src\CHECKSEC.Core\CHECKSEC\Core\Services\Collectors\OfficeMacroCollector.cs(474,24): warning CS8600: Conversion de littéral ayant une valeur null ou d'une éventuelle valeur null en type non-nullable. [C:\CHECKSEC\src\CHECKSEC.Core\CHECKSEC.Core.csproj]
C:\CHECKSEC\src\CHECKSEC.Core\CHECKSEC\Core\Services\Collectors\OfficeMacroCollector.cs(525,34): warning CS8600: Conversion de littéral ayant une valeur null ou d'une éventuelle valeur null en type non-nullable. [C:\CHECKSEC\src\CHECKSEC.Core\CHECKSEC.Core.csproj]
C:\CHECKSEC\src\CHECKSEC.Core\CHECKSEC\Core\Services\Collectors\OfficeMacroCollector.cs(539,34): warning CS8600: Conversion de littéral ayant une valeur null ou d'une éventuelle valeur null en type non-nullable. [C:\CHECKSEC\src\CHECKSEC.Core\CHECKSEC.Core.csproj]
C:\CHECKSEC\src\CHECKSEC.Core\CHECKSEC\Core\Services\Collectors\OfficeMacroCollector.cs(553,34): warning CS8600: Conversion de littéral ayant une valeur null ou d'une éventuelle valeur null en type non-nullable. [C:\CHECKSEC\src\CHECKSEC.Core\CHECKSEC.Core.csproj]
  CHECKSEC.Core -> C:\CHECKSEC\src\CHECKSEC.Core\bin\x64\Release\net9.0-windows\CHECKSEC.Core.dll
C:\CHECKSEC\src\CHECKSEC\App.xaml.cs(25,45): warning CS8603: Existence possible d'un retour de référence null. [C:\CHECKSEC\src\CHECKSEC\CHECKSEC.csproj]
C:\CHECKSEC\src\CHECKSEC\Services\AnalysisService.cs(78,10): warning CS8600: Conversion de littéral ayant une valeur null ou d'une éventuelle valeur null en type non-nullable. [C:\CHECKSEC\src\CHECKSEC\CHECKSEC.csproj]
C:\CHECKSEC\src\CHECKSEC\App.xaml.cs(152,25): warning CS8600: Conversion de littéral ayant une valeur null ou d'une éventuelle valeur null en type non-nullable. [C:\CHECKSEC\src\CHECKSEC\CHECKSEC.csproj]
C:\CHECKSEC\src\CHECKSEC\MainWindow.xaml.cs(144,16): warning CS8600: Conversion de littéral ayant une valeur null ou d'une éventuelle valeur null en type non-nullable. [C:\CHECKSEC\src\CHECKSEC\CHECKSEC.csproj]
C:\CHECKSEC\src\CHECKSEC\Pages\CisPage.xaml.cs(98,23): warning CS8600: Conversion de littéral ayant une valeur null ou d'une éventuelle valeur null en type non-nullable. [C:\CHECKSEC\src\CHECKSEC\CHECKSEC.csproj]
C:\CHECKSEC\src\CHECKSEC\Pages\ResultsPage.xaml.cs(111,23): warning CS8600: Conversion de littéral ayant une valeur null ou d'une éventuelle valeur null en type non-nullable. [C:\CHECKSEC\src\CHECKSEC\CHECKSEC.csproj]
C:\CHECKSEC\src\CHECKSEC\ViewModels\HistoryViewModel.cs(84,43): warning CS8600: Conversion de littéral ayant une valeur null ou d'une éventuelle valeur null en type non-nullable. [C:\CHECKSEC\src\CHECKSEC\CHECKSEC.csproj]
C:\CHECKSEC\src\CHECKSEC\Services\AnalysisService.cs(452,36): warning CS8600: Conversion de littéral ayant une valeur null ou d'une éventuelle valeur null en type non-nullable. [C:\CHECKSEC\src\CHECKSEC\CHECKSEC.csproj]
C:\CHECKSEC\src\CHECKSEC\Pages\EventLogPage.xaml.cs(100,23): warning CS8600: Conversion de littéral ayant une valeur null ou d'une éventuelle valeur null en type non-nullable. [C:\CHECKSEC\src\CHECKSEC\CHECKSEC.csproj]
C:\CHECKSEC\src\CHECKSEC\Pages\RemediationPage.xaml.cs(79,23): warning CS8600: Conversion de littéral ayant une valeur null ou d'une éventuelle valeur null en type non-nullable. [C:\CHECKSEC\src\CHECKSEC\CHECKSEC.csproj]
C:\CHECKSEC\src\CHECKSEC\Pages\GapsPage.xaml.cs(108,23): warning CS8600: Conversion de littéral ayant une valeur null ou d'une éventuelle valeur null en type non-nullable. [C:\CHECKSEC\src\CHECKSEC\CHECKSEC.csproj]
C:\CHECKSEC\src\CHECKSEC\Services\HistoryService.cs(78,42): warning CS8600: Conversion de littéral ayant une valeur null ou d'une éventuelle valeur null en type non-nullable. [C:\CHECKSEC\src\CHECKSEC\CHECKSEC.csproj]
C:\CHECKSEC\src\CHECKSEC\Services\AnalysisService.cs(917,18): warning CS8600: Conversion de littéral ayant une valeur null ou d'une éventuelle valeur null en type non-nullable. [C:\CHECKSEC\src\CHECKSEC\CHECKSEC.csproj]
C:\CHECKSEC\src\CHECKSEC\App.xaml.cs(25,45): warning CS8603: Existence possible d'un retour de référence null. [C:\CHECKSEC\src\CHECKSEC\CHECKSEC.csproj]
C:\CHECKSEC\src\CHECKSEC\Pages\CisPage.xaml.cs(98,23): warning CS8600: Conversion de littéral ayant une valeur null ou d'une éventuelle valeur null en type non-nullable. [C:\CHECKSEC\src\CHECKSEC\CHECKSEC.csproj]
C:\CHECKSEC\src\CHECKSEC\Pages\EventLogPage.xaml.cs(100,23): warning CS8600: Conversion de littéral ayant une valeur null ou d'une éventuelle valeur null en type non-nullable. [C:\CHECKSEC\src\CHECKSEC\CHECKSEC.csproj]
C:\CHECKSEC\src\CHECKSEC\MainWindow.xaml.cs(144,16): warning CS8600: Conversion de littéral ayant une valeur null ou d'une éventuelle valeur null en type non-nullable. [C:\CHECKSEC\src\CHECKSEC\CHECKSEC.csproj]
C:\CHECKSEC\src\CHECKSEC\App.xaml.cs(152,25): warning CS8600: Conversion de littéral ayant une valeur null ou d'une éventuelle valeur null en type non-nullable. [C:\CHECKSEC\src\CHECKSEC\CHECKSEC.csproj]
C:\CHECKSEC\src\CHECKSEC\Pages\ResultsPage.xaml.cs(111,23): warning CS8600: Conversion de littéral ayant une valeur null ou d'une éventuelle valeur null en type non-nullable. [C:\CHECKSEC\src\CHECKSEC\CHECKSEC.csproj]
C:\CHECKSEC\src\CHECKSEC\Pages\RemediationPage.xaml.cs(79,23): warning CS8600: Conversion de littéral ayant une valeur null ou d'une éventuelle valeur null en type non-nullable. [C:\CHECKSEC\src\CHECKSEC\CHECKSEC.csproj]
C:\CHECKSEC\src\CHECKSEC\Pages\GapsPage.xaml.cs(108,23): warning CS8600: Conversion de littéral ayant une valeur null ou d'une éventuelle valeur null en type non-nullable. [C:\CHECKSEC\src\CHECKSEC\CHECKSEC.csproj]
C:\CHECKSEC\src\CHECKSEC\Services\AnalysisService.cs(78,10): warning CS8600: Conversion de littéral ayant une valeur null ou d'une éventuelle valeur null en type non-nullable. [C:\CHECKSEC\src\CHECKSEC\CHECKSEC.csproj]
C:\CHECKSEC\src\CHECKSEC\Services\HistoryService.cs(78,42): warning CS8600: Conversion de littéral ayant une valeur null ou d'une éventuelle valeur null en type non-nullable. [C:\CHECKSEC\src\CHECKSEC\CHECKSEC.csproj]
C:\CHECKSEC\src\CHECKSEC\Services\AnalysisService.cs(452,36): warning CS8600: Conversion de littéral ayant une valeur null ou d'une éventuelle valeur null en type non-nullable. [C:\CHECKSEC\src\CHECKSEC\CHECKSEC.csproj]
C:\CHECKSEC\src\CHECKSEC\ViewModels\HistoryViewModel.cs(84,43): warning CS8600: Conversion de littéral ayant une valeur null ou d'une éventuelle valeur null en type non-nullable. [C:\CHECKSEC\src\CHECKSEC\CHECKSEC.csproj]
C:\CHECKSEC\src\CHECKSEC\Services\AnalysisService.cs(917,18): warning CS8600: Conversion de littéral ayant une valeur null ou d'une éventuelle valeur null en type non-nullable. [C:\CHECKSEC\src\CHECKSEC\CHECKSEC.csproj]
C:\CHECKSEC\src\CHECKSEC\ViewModels\CisViewModel.cs(23,15): warning MVVMTK0045: The field CHECKSEC.ViewModels.CisViewModel._isLoading using [ObservableProperty] will generate code that is not AOT compatible in WinRT scenarios (such as UWP XAML and WinUI 3 apps), and a partial property should be used instead (as it allows the CsWinRT generators to correctly produce the necessary WinRT marshalling code) (https://aka.ms/mvvmtoolkit/errors/mvvmtk0045) [C:\CHECKSEC\src\CHECKSEC\CHECKSEC.csproj]
C:\CHECKSEC\src\CHECKSEC\ViewModels\CisViewModel.cs(41,17): warning MVVMTK0045: The field CHECKSEC.ViewModels.CisViewModel._searchText using [ObservableProperty] will generate code that is not AOT compatible in WinRT scenarios (such as UWP XAML and WinUI 3 apps), and a partial property should be used instead (as it allows the CsWinRT generators to correctly produce the necessary WinRT marshalling code) (https://aka.ms/mvvmtoolkit/errors/mvvmtk0045) [C:\CHECKSEC\src\CHECKSEC\CHECKSEC.csproj]
C:\CHECKSEC\src\CHECKSEC\ViewModels\CisViewModel.cs(35,14): warning MVVMTK0045: The field CHECKSEC.ViewModels.CisViewModel._totalCount using [ObservableProperty] will generate code that is not AOT compatible in WinRT scenarios (such as UWP XAML and WinUI 3 apps), and a partial property should be used instead (as it allows the CsWinRT generators to correctly produce the necessary WinRT marshalling code) (https://aka.ms/mvvmtoolkit/errors/mvvmtk0045) [C:\CHECKSEC\src\CHECKSEC\CHECKSEC.csproj]
C:\CHECKSEC\src\CHECKSEC\ViewModels\CisViewModel.cs(26,14): warning MVVMTK0045: The field CHECKSEC.ViewModels.CisViewModel._passCount using [ObservableProperty] will generate code that is not AOT compatible in WinRT scenarios (such as UWP XAML and WinUI 3 apps), and a partial property should be used instead (as it allows the CsWinRT generators to correctly produce the necessary WinRT marshalling code) (https://aka.ms/mvvmtoolkit/errors/mvvmtk0045) [C:\CHECKSEC\src\CHECKSEC\CHECKSEC.csproj]
C:\CHECKSEC\src\CHECKSEC\ViewModels\CisViewModel.cs(20,15): warning MVVMTK0045: The field CHECKSEC.ViewModels.CisViewModel._hasResults using [ObservableProperty] will generate code that is not AOT compatible in WinRT scenarios (such as UWP XAML and WinUI 3 apps), and a partial property should be used instead (as it allows the CsWinRT generators to correctly produce the necessary WinRT marshalling code) (https://aka.ms/mvvmtoolkit/errors/mvvmtk0045) [C:\CHECKSEC\src\CHECKSEC\CHECKSEC.csproj]
C:\CHECKSEC\src\CHECKSEC\ViewModels\CisViewModel.cs(29,14): warning MVVMTK0045: The field CHECKSEC.ViewModels.CisViewModel._failCount using [ObservableProperty] will generate code that is not AOT compatible in WinRT scenarios (such as UWP XAML and WinUI 3 apps), and a partial property should be used instead (as it allows the CsWinRT generators to correctly produce the necessary WinRT marshalling code) (https://aka.ms/mvvmtoolkit/errors/mvvmtk0045) [C:\CHECKSEC\src\CHECKSEC\CHECKSEC.csproj]
C:\CHECKSEC\src\CHECKSEC\ViewModels\CisViewModel.cs(38,17): warning MVVMTK0045: The field CHECKSEC.ViewModels.CisViewModel._filterStatus using [ObservableProperty] will generate code that is not AOT compatible in WinRT scenarios (such as UWP XAML and WinUI 3 apps), and a partial property should be used instead (as it allows the CsWinRT generators to correctly produce the necessary WinRT marshalling code) (https://aka.ms/mvvmtoolkit/errors/mvvmtk0045) [C:\CHECKSEC\src\CHECKSEC\CHECKSEC.csproj]
C:\CHECKSEC\src\CHECKSEC\ViewModels\CisViewModel.cs(32,14): warning MVVMTK0045: The field CHECKSEC.ViewModels.CisViewModel._manualCount using [ObservableProperty] will generate code that is not AOT compatible in WinRT scenarios (such as UWP XAML and WinUI 3 apps), and a partial property should be used instead (as it allows the CsWinRT generators to correctly produce the necessary WinRT marshalling code) (https://aka.ms/mvvmtoolkit/errors/mvvmtk0045) [C:\CHECKSEC\src\CHECKSEC\CHECKSEC.csproj]
C:\CHECKSEC\src\CHECKSEC\ViewModels\CisViewModel.cs(44,15): warning MVVMTK0045: The field CHECKSEC.ViewModels.CisViewModel._isExporting using [ObservableProperty] will generate code that is not AOT compatible in WinRT scenarios (such as UWP XAML and WinUI 3 apps), and a partial property should be used instead (as it allows the CsWinRT generators to correctly produce the necessary WinRT marshalling code) (https://aka.ms/mvvmtoolkit/errors/mvvmtk0045) [C:\CHECKSEC\src\CHECKSEC\CHECKSEC.csproj]
C:\CHECKSEC\src\CHECKSEC\ViewModels\EventLogViewModel.cs(18,17): warning MVVMTK0045: The field CHECKSEC.ViewModels.EventLogViewModel._eventLogText using [ObservableProperty] will generate code that is not AOT compatible in WinRT scenarios (such as UWP XAML and WinUI 3 apps), and a partial property should be used instead (as it allows the CsWinRT generators to correctly produce the necessary WinRT marshalling code) (https://aka.ms/mvvmtoolkit/errors/mvvmtk0045) [C:\CHECKSEC\src\CHECKSEC\CHECKSEC.csproj]
C:\CHECKSEC\src\CHECKSEC\ViewModels\EventLogViewModel.cs(27,14): warning MVVMTK0045: The field CHECKSEC.ViewModels.EventLogViewModel._totalCount using [ObservableProperty] will generate code that is not AOT compatible in WinRT scenarios (such as UWP XAML and WinUI 3 apps), and a partial property should be used instead (as it allows the CsWinRT generators to correctly produce the necessary WinRT marshalling code) (https://aka.ms/mvvmtoolkit/errors/mvvmtk0045) [C:\CHECKSEC\src\CHECKSEC\CHECKSEC.csproj]
C:\CHECKSEC\src\CHECKSEC\ViewModels\EventLogViewModel.cs(21,15): warning MVVMTK0045: The field CHECKSEC.ViewModels.EventLogViewModel._hasResults using [ObservableProperty] will generate code that is not AOT compatible in WinRT scenarios (such as UWP XAML and WinUI 3 apps), and a partial property should be used instead (as it allows the CsWinRT generators to correctly produce the necessary WinRT marshalling code) (https://aka.ms/mvvmtoolkit/errors/mvvmtk0045) [C:\CHECKSEC\src\CHECKSEC\CHECKSEC.csproj]
C:\CHECKSEC\src\CHECKSEC\ViewModels\EventLogViewModel.cs(30,14): warning MVVMTK0045: The field CHECKSEC.ViewModels.EventLogViewModel._errorCount using [ObservableProperty] will generate code that is not AOT compatible in WinRT scenarios (such as UWP XAML and WinUI 3 apps), and a partial property should be used instead (as it allows the CsWinRT generators to correctly produce the necessary WinRT marshalling code) (https://aka.ms/mvvmtoolkit/errors/mvvmtk0045) [C:\CHECKSEC\src\CHECKSEC\CHECKSEC.csproj]
C:\CHECKSEC\src\CHECKSEC\ViewModels\EventLogViewModel.cs(24,15): warning MVVMTK0045: The field CHECKSEC.ViewModels.EventLogViewModel._isLoading using [ObservableProperty] will generate code that is not AOT compatible in WinRT scenarios (such as UWP XAML and WinUI 3 apps), and a partial property should be used instead (as it allows the CsWinRT generators to correctly produce the necessary WinRT marshalling code) (https://aka.ms/mvvmtoolkit/errors/mvvmtk0045) [C:\CHECKSEC\src\CHECKSEC\CHECKSEC.csproj]
C:\CHECKSEC\src\CHECKSEC\ViewModels\EventLogViewModel.cs(33,14): warning MVVMTK0045: The field CHECKSEC.ViewModels.EventLogViewModel._warningCount using [ObservableProperty] will generate code that is not AOT compatible in WinRT scenarios (such as UWP XAML and WinUI 3 apps), and a partial property should be used instead (as it allows the CsWinRT generators to correctly produce the necessary WinRT marshalling code) (https://aka.ms/mvvmtoolkit/errors/mvvmtk0045) [C:\CHECKSEC\src\CHECKSEC\CHECKSEC.csproj]
C:\CHECKSEC\src\CHECKSEC\ViewModels\EventLogViewModel.cs(36,14): warning MVVMTK0045: The field CHECKSEC.ViewModels.EventLogViewModel._infoCount using [ObservableProperty] will generate code that is not AOT compatible in WinRT scenarios (such as UWP XAML and WinUI 3 apps), and a partial property should be used instead (as it allows the CsWinRT generators to correctly produce the necessary WinRT marshalling code) (https://aka.ms/mvvmtoolkit/errors/mvvmtk0045) [C:\CHECKSEC\src\CHECKSEC\CHECKSEC.csproj]
C:\CHECKSEC\src\CHECKSEC\ViewModels\EventLogViewModel.cs(39,17): warning MVVMTK0045: The field CHECKSEC.ViewModels.EventLogViewModel._filterLevel using [ObservableProperty] will generate code that is not AOT compatible in WinRT scenarios (such as UWP XAML and WinUI 3 apps), and a partial property should be used instead (as it allows the CsWinRT generators to correctly produce the necessary WinRT marshalling code) (https://aka.ms/mvvmtoolkit/errors/mvvmtk0045) [C:\CHECKSEC\src\CHECKSEC\CHECKSEC.csproj]
C:\CHECKSEC\src\CHECKSEC\ViewModels\EventLogViewModel.cs(42,17): warning MVVMTK0045: The field CHECKSEC.ViewModels.EventLogViewModel._searchText using [ObservableProperty] will generate code that is not AOT compatible in WinRT scenarios (such as UWP XAML and WinUI 3 apps), and a partial property should be used instead (as it allows the CsWinRT generators to correctly produce the necessary WinRT marshalling code) (https://aka.ms/mvvmtoolkit/errors/mvvmtk0045) [C:\CHECKSEC\src\CHECKSEC\CHECKSEC.csproj]
C:\CHECKSEC\src\CHECKSEC\ViewModels\EventLogViewModel.cs(45,15): warning MVVMTK0045: The field CHECKSEC.ViewModels.EventLogViewModel._isExporting using [ObservableProperty] will generate code that is not AOT compatible in WinRT scenarios (such as UWP XAML and WinUI 3 apps), and a partial property should be used instead (as it allows the CsWinRT generators to correctly produce the necessary WinRT marshalling code) (https://aka.ms/mvvmtoolkit/errors/mvvmtk0045) [C:\CHECKSEC\src\CHECKSEC\CHECKSEC.csproj]
C:\CHECKSEC\src\CHECKSEC\ViewModels\DashboardViewModel.cs(40,15): warning MVVMTK0045: The field CHECKSEC.ViewModels.DashboardViewModel._isAnalyzing using [ObservableProperty] will generate code that is not AOT compatible in WinRT scenarios (such as UWP XAML and WinUI 3 apps), and a partial property should be used instead (as it allows the CsWinRT generators to correctly produce the necessary WinRT marshalling code) (https://aka.ms/mvvmtoolkit/errors/mvvmtk0045) [C:\CHECKSEC\src\CHECKSEC\CHECKSEC.csproj]
C:\CHECKSEC\src\CHECKSEC\ViewModels\DashboardViewModel.cs(58,17): warning MVVMTK0045: The field CHECKSEC.ViewModels.DashboardViewModel._currentCollectorName using [ObservableProperty] will generate code that is not AOT compatible in WinRT scenarios (such as UWP XAML and WinUI 3 apps), and a partial property should be used instead (as it allows the CsWinRT generators to correctly produce the necessary WinRT marshalling code) (https://aka.ms/mvvmtoolkit/errors/mvvmtk0045) [C:\CHECKSEC\src\CHECKSEC\CHECKSEC.csproj]
C:\CHECKSEC\src\CHECKSEC\ViewModels\DashboardViewModel.cs(64,15): warning MVVMTK0045: The field CHECKSEC.ViewModels.DashboardViewModel._isExporting using [ObservableProperty] will generate code that is not AOT compatible in WinRT scenarios (such as UWP XAML and WinUI 3 apps), and a partial property should be used instead (as it allows the CsWinRT generators to correctly produce the necessary WinRT marshalling code) (https://aka.ms/mvvmtoolkit/errors/mvvmtk0045) [C:\CHECKSEC\src\CHECKSEC\CHECKSEC.csproj]
C:\CHECKSEC\src\CHECKSEC\ViewModels\DashboardViewModel.cs(61,17): warning MVVMTK0045: The field CHECKSEC.ViewModels.DashboardViewModel._progressLabel using [ObservableProperty] will generate code that is not AOT compatible in WinRT scenarios (such as UWP XAML and WinUI 3 apps), and a partial property should be used instead (as it allows the CsWinRT generators to correctly produce the necessary WinRT marshalling code) (https://aka.ms/mvvmtoolkit/errors/mvvmtk0045) [C:\CHECKSEC\src\CHECKSEC\CHECKSEC.csproj]
C:\CHECKSEC\src\CHECKSEC\ViewModels\DashboardViewModel.cs(49,17): warning MVVMTK0045: The field CHECKSEC.ViewModels.DashboardViewModel._progressValue using [ObservableProperty] will generate code that is not AOT compatible in WinRT scenarios (such as UWP XAML and WinUI 3 apps), and a partial property should be used instead (as it allows the CsWinRT generators to correctly produce the necessary WinRT marshalling code) (https://aka.ms/mvvmtoolkit/errors/mvvmtk0045) [C:\CHECKSEC\src\CHECKSEC\CHECKSEC.csproj]
C:\CHECKSEC\src\CHECKSEC\ViewModels\DashboardViewModel.cs(52,17): warning MVVMTK0045: The field CHECKSEC.ViewModels.DashboardViewModel._progressMax using [ObservableProperty] will generate code that is not AOT compatible in WinRT scenarios (such as UWP XAML and WinUI 3 apps), and a partial property should be used instead (as it allows the CsWinRT generators to correctly produce the necessary WinRT marshalling code) (https://aka.ms/mvvmtoolkit/errors/mvvmtk0045) [C:\CHECKSEC\src\CHECKSEC\CHECKSEC.csproj]
C:\CHECKSEC\src\CHECKSEC\ViewModels\DashboardViewModel.cs(70,17): warning MVVMTK0045: The field CHECKSEC.ViewModels.DashboardViewModel._globalGrade using [ObservableProperty] will generate code that is not AOT compatible in WinRT scenarios (such as UWP XAML and WinUI 3 apps), and a partial property should be used instead (as it allows the CsWinRT generators to correctly produce the necessary WinRT marshalling code) (https://aka.ms/mvvmtoolkit/errors/mvvmtk0045) [C:\CHECKSEC\src\CHECKSEC\CHECKSEC.csproj]
C:\CHECKSEC\src\CHECKSEC\ViewModels\DashboardViewModel.cs(67,17): warning MVVMTK0045: The field CHECKSEC.ViewModels.DashboardViewModel._globalScore using [ObservableProperty] will generate code that is not AOT compatible in WinRT scenarios (such as UWP XAML and WinUI 3 apps), and a partial property should be used instead (as it allows the CsWinRT generators to correctly produce the necessary WinRT marshalling code) (https://aka.ms/mvvmtoolkit/errors/mvvmtk0045) [C:\CHECKSEC\src\CHECKSEC\CHECKSEC.csproj]
C:\CHECKSEC\src\CHECKSEC\ViewModels\DashboardViewModel.cs(55,17): warning MVVMTK0045: The field CHECKSEC.ViewModels.DashboardViewModel._statusText using [ObservableProperty] will generate code that is not AOT compatible in WinRT scenarios (such as UWP XAML and WinUI 3 apps), and a partial property should be used instead (as it allows the CsWinRT generators to correctly produce the necessary WinRT marshalling code) (https://aka.ms/mvvmtoolkit/errors/mvvmtk0045) [C:\CHECKSEC\src\CHECKSEC\CHECKSEC.csproj]
C:\CHECKSEC\src\CHECKSEC\ViewModels\DashboardViewModel.cs(43,15): warning MVVMTK0045: The field CHECKSEC.ViewModels.DashboardViewModel._hasResults using [ObservableProperty] will generate code that is not AOT compatible in WinRT scenarios (such as UWP XAML and WinUI 3 apps), and a partial property should be used instead (as it allows the CsWinRT generators to correctly produce the necessary WinRT marshalling code) (https://aka.ms/mvvmtoolkit/errors/mvvmtk0045) [C:\CHECKSEC\src\CHECKSEC\CHECKSEC.csproj]
C:\CHECKSEC\src\CHECKSEC\ViewModels\DashboardViewModel.cs(46,15): warning MVVMTK0045: The field CHECKSEC.ViewModels.DashboardViewModel._showProgress using [ObservableProperty] will generate code that is not AOT compatible in WinRT scenarios (such as UWP XAML and WinUI 3 apps), and a partial property should be used instead (as it allows the CsWinRT generators to correctly produce the necessary WinRT marshalling code) (https://aka.ms/mvvmtoolkit/errors/mvvmtk0045) [C:\CHECKSEC\src\CHECKSEC\CHECKSEC.csproj]
C:\CHECKSEC\src\CHECKSEC\ViewModels\DashboardViewModel.cs(73,14): warning MVVMTK0045: The field CHECKSEC.ViewModels.DashboardViewModel._totalOK using [ObservableProperty] will generate code that is not AOT compatible in WinRT scenarios (such as UWP XAML and WinUI 3 apps), and a partial property should be used instead (as it allows the CsWinRT generators to correctly produce the necessary WinRT marshalling code) (https://aka.ms/mvvmtoolkit/errors/mvvmtk0045) [C:\CHECKSEC\src\CHECKSEC\CHECKSEC.csproj]
C:\CHECKSEC\src\CHECKSEC\ViewModels\DashboardViewModel.cs(76,14): warning MVVMTK0045: The field CHECKSEC.ViewModels.DashboardViewModel._totalWarning using [ObservableProperty] will generate code that is not AOT compatible in WinRT scenarios (such as UWP XAML and WinUI 3 apps), and a partial property should be used instead (as it allows the CsWinRT generators to correctly produce the necessary WinRT marshalling code) (https://aka.ms/mvvmtoolkit/errors/mvvmtk0045) [C:\CHECKSEC\src\CHECKSEC\CHECKSEC.csproj]
C:\CHECKSEC\src\CHECKSEC\ViewModels\DashboardViewModel.cs(82,14): warning MVVMTK0045: The field CHECKSEC.ViewModels.DashboardViewModel._totalError using [ObservableProperty] will generate code that is not AOT compatible in WinRT scenarios (such as UWP XAML and WinUI 3 apps), and a partial property should be used instead (as it allows the CsWinRT generators to correctly produce the necessary WinRT marshalling code) (https://aka.ms/mvvmtoolkit/errors/mvvmtk0045) [C:\CHECKSEC\src\CHECKSEC\CHECKSEC.csproj]
C:\CHECKSEC\src\CHECKSEC\ViewModels\DashboardViewModel.cs(79,14): warning MVVMTK0045: The field CHECKSEC.ViewModels.DashboardViewModel._totalCritical using [ObservableProperty] will generate code that is not AOT compatible in WinRT scenarios (such as UWP XAML and WinUI 3 apps), and a partial property should be used instead (as it allows the CsWinRT generators to correctly produce the necessary WinRT marshalling code) (https://aka.ms/mvvmtoolkit/errors/mvvmtk0045) [C:\CHECKSEC\src\CHECKSEC\CHECKSEC.csproj]
C:\CHECKSEC\src\CHECKSEC\ViewModels\GapsViewModel.cs(20,15): warning MVVMTK0045: The field CHECKSEC.ViewModels.GapsViewModel._hasResults using [ObservableProperty] will generate code that is not AOT compatible in WinRT scenarios (such as UWP XAML and WinUI 3 apps), and a partial property should be used instead (as it allows the CsWinRT generators to correctly produce the necessary WinRT marshalling code) (https://aka.ms/mvvmtoolkit/errors/mvvmtk0045) [C:\CHECKSEC\src\CHECKSEC\CHECKSEC.csproj]
C:\CHECKSEC\src\CHECKSEC\ViewModels\GapsViewModel.cs(23,15): warning MVVMTK0045: The field CHECKSEC.ViewModels.GapsViewModel._isLoading using [ObservableProperty] will generate code that is not AOT compatible in WinRT scenarios (such as UWP XAML and WinUI 3 apps), and a partial property should be used instead (as it allows the CsWinRT generators to correctly produce the necessary WinRT marshalling code) (https://aka.ms/mvvmtoolkit/errors/mvvmtk0045) [C:\CHECKSEC\src\CHECKSEC\CHECKSEC.csproj]
C:\CHECKSEC\src\CHECKSEC\ViewModels\GapsViewModel.cs(26,14): warning MVVMTK0045: The field CHECKSEC.ViewModels.GapsViewModel._criticalCount using [ObservableProperty] will generate code that is not AOT compatible in WinRT scenarios (such as UWP XAML and WinUI 3 apps), and a partial property should be used instead (as it allows the CsWinRT generators to correctly produce the necessary WinRT marshalling code) (https://aka.ms/mvvmtoolkit/errors/mvvmtk0045) [C:\CHECKSEC\src\CHECKSEC\CHECKSEC.csproj]
C:\CHECKSEC\src\CHECKSEC\ViewModels\GapsViewModel.cs(29,14): warning MVVMTK0045: The field CHECKSEC.ViewModels.GapsViewModel._highCount using [ObservableProperty] will generate code that is not AOT compatible in WinRT scenarios (such as UWP XAML and WinUI 3 apps), and a partial property should be used instead (as it allows the CsWinRT generators to correctly produce the necessary WinRT marshalling code) (https://aka.ms/mvvmtoolkit/errors/mvvmtk0045) [C:\CHECKSEC\src\CHECKSEC\CHECKSEC.csproj]
C:\CHECKSEC\src\CHECKSEC\ViewModels\GapsViewModel.cs(32,14): warning MVVMTK0045: The field CHECKSEC.ViewModels.GapsViewModel._mediumCount using [ObservableProperty] will generate code that is not AOT compatible in WinRT scenarios (such as UWP XAML and WinUI 3 apps), and a partial property should be used instead (as it allows the CsWinRT generators to correctly produce the necessary WinRT marshalling code) (https://aka.ms/mvvmtoolkit/errors/mvvmtk0045) [C:\CHECKSEC\src\CHECKSEC\CHECKSEC.csproj]
C:\CHECKSEC\src\CHECKSEC\ViewModels\GapsViewModel.cs(38,14): warning MVVMTK0045: The field CHECKSEC.ViewModels.GapsViewModel._totalCount using [ObservableProperty] will generate code that is not AOT compatible in WinRT scenarios (such as UWP XAML and WinUI 3 apps), and a partial property should be used instead (as it allows the CsWinRT generators to correctly produce the necessary WinRT marshalling code) (https://aka.ms/mvvmtoolkit/errors/mvvmtk0045) [C:\CHECKSEC\src\CHECKSEC\CHECKSEC.csproj]
C:\CHECKSEC\src\CHECKSEC\ViewModels\GapsViewModel.cs(35,14): warning MVVMTK0045: The field CHECKSEC.ViewModels.GapsViewModel._lowCount using [ObservableProperty] will generate code that is not AOT compatible in WinRT scenarios (such as UWP XAML and WinUI 3 apps), and a partial property should be used instead (as it allows the CsWinRT generators to correctly produce the necessary WinRT marshalling code) (https://aka.ms/mvvmtoolkit/errors/mvvmtk0045) [C:\CHECKSEC\src\CHECKSEC\CHECKSEC.csproj]
C:\CHECKSEC\src\CHECKSEC\ViewModels\GapsViewModel.cs(41,17): warning MVVMTK0045: The field CHECKSEC.ViewModels.GapsViewModel._filterSeverity using [ObservableProperty] will generate code that is not AOT compatible in WinRT scenarios (such as UWP XAML and WinUI 3 apps), and a partial property should be used instead (as it allows the CsWinRT generators to correctly produce the necessary WinRT marshalling code) (https://aka.ms/mvvmtoolkit/errors/mvvmtk0045) [C:\CHECKSEC\src\CHECKSEC\CHECKSEC.csproj]
C:\CHECKSEC\src\CHECKSEC\ViewModels\GapsViewModel.cs(44,17): warning MVVMTK0045: The field CHECKSEC.ViewModels.GapsViewModel._searchText using [ObservableProperty] will generate code that is not AOT compatible in WinRT scenarios (such as UWP XAML and WinUI 3 apps), and a partial property should be used instead (as it allows the CsWinRT generators to correctly produce the necessary WinRT marshalling code) (https://aka.ms/mvvmtoolkit/errors/mvvmtk0045) [C:\CHECKSEC\src\CHECKSEC\CHECKSEC.csproj]
C:\CHECKSEC\src\CHECKSEC\ViewModels\GapsViewModel.cs(47,15): warning MVVMTK0045: The field CHECKSEC.ViewModels.GapsViewModel._isExporting using [ObservableProperty] will generate code that is not AOT compatible in WinRT scenarios (such as UWP XAML and WinUI 3 apps), and a partial property should be used instead (as it allows the CsWinRT generators to correctly produce the necessary WinRT marshalling code) (https://aka.ms/mvvmtoolkit/errors/mvvmtk0045) [C:\CHECKSEC\src\CHECKSEC\CHECKSEC.csproj]
C:\CHECKSEC\src\CHECKSEC\ViewModels\RemediationViewModel.cs(21,15): warning MVVMTK0045: The field CHECKSEC.ViewModels.RemediationViewModel._isLoading using [ObservableProperty] will generate code that is not AOT compatible in WinRT scenarios (such as UWP XAML and WinUI 3 apps), and a partial property should be used instead (as it allows the CsWinRT generators to correctly produce the necessary WinRT marshalling code) (https://aka.ms/mvvmtoolkit/errors/mvvmtk0045) [C:\CHECKSEC\src\CHECKSEC\CHECKSEC.csproj]
C:\CHECKSEC\src\CHECKSEC\ViewModels\RemediationViewModel.cs(18,15): warning MVVMTK0045: The field CHECKSEC.ViewModels.RemediationViewModel._hasResults using [ObservableProperty] will generate code that is not AOT compatible in WinRT scenarios (such as UWP XAML and WinUI 3 apps), and a partial property should be used instead (as it allows the CsWinRT generators to correctly produce the necessary WinRT marshalling code) (https://aka.ms/mvvmtoolkit/errors/mvvmtk0045) [C:\CHECKSEC\src\CHECKSEC\CHECKSEC.csproj]
C:\CHECKSEC\src\CHECKSEC\ViewModels\RemediationViewModel.cs(24,14): warning MVVMTK0045: The field CHECKSEC.ViewModels.RemediationViewModel._totalActions using [ObservableProperty] will generate code that is not AOT compatible in WinRT scenarios (such as UWP XAML and WinUI 3 apps), and a partial property should be used instead (as it allows the CsWinRT generators to correctly produce the necessary WinRT marshalling code) (https://aka.ms/mvvmtoolkit/errors/mvvmtk0045) [C:\CHECKSEC\src\CHECKSEC\CHECKSEC.csproj]
C:\CHECKSEC\src\CHECKSEC\ViewModels\RemediationViewModel.cs(27,14): warning MVVMTK0045: The field CHECKSEC.ViewModels.RemediationViewModel._criticalActions using [ObservableProperty] will generate code that is not AOT compatible in WinRT scenarios (such as UWP XAML and WinUI 3 apps), and a partial property should be used instead (as it allows the CsWinRT generators to correctly produce the necessary WinRT marshalling code) (https://aka.ms/mvvmtoolkit/errors/mvvmtk0045) [C:\CHECKSEC\src\CHECKSEC\CHECKSEC.csproj]
C:\CHECKSEC\src\CHECKSEC\ViewModels\RemediationViewModel.cs(30,14): warning MVVMTK0045: The field CHECKSEC.ViewModels.RemediationViewModel._quickWins using [ObservableProperty] will generate code that is not AOT compatible in WinRT scenarios (such as UWP XAML and WinUI 3 apps), and a partial property should be used instead (as it allows the CsWinRT generators to correctly produce the necessary WinRT marshalling code) (https://aka.ms/mvvmtoolkit/errors/mvvmtk0045) [C:\CHECKSEC\src\CHECKSEC\CHECKSEC.csproj]
C:\CHECKSEC\src\CHECKSEC\ViewModels\HistoryViewModel.cs(17,15): warning MVVMTK0045: The field CHECKSEC.ViewModels.HistoryViewModel._hasHistory using [ObservableProperty] will generate code that is not AOT compatible in WinRT scenarios (such as UWP XAML and WinUI 3 apps), and a partial property should be used instead (as it allows the CsWinRT generators to correctly produce the necessary WinRT marshalling code) (https://aka.ms/mvvmtoolkit/errors/mvvmtk0045) [C:\CHECKSEC\src\CHECKSEC\CHECKSEC.csproj]
C:\CHECKSEC\src\CHECKSEC\ViewModels\HistoryViewModel.cs(20,28): warning MVVMTK0045: The field CHECKSEC.ViewModels.HistoryViewModel._selectedSnapshot1 using [ObservableProperty] will generate code that is not AOT compatible in WinRT scenarios (such as UWP XAML and WinUI 3 apps), and a partial property should be used instead (as it allows the CsWinRT generators to correctly produce the necessary WinRT marshalling code) (https://aka.ms/mvvmtoolkit/errors/mvvmtk0045) [C:\CHECKSEC\src\CHECKSEC\CHECKSEC.csproj]
C:\CHECKSEC\src\CHECKSEC\ViewModels\HistoryViewModel.cs(23,28): warning MVVMTK0045: The field CHECKSEC.ViewModels.HistoryViewModel._selectedSnapshot2 using [ObservableProperty] will generate code that is not AOT compatible in WinRT scenarios (such as UWP XAML and WinUI 3 apps), and a partial property should be used instead (as it allows the CsWinRT generators to correctly produce the necessary WinRT marshalling code) (https://aka.ms/mvvmtoolkit/errors/mvvmtk0045) [C:\CHECKSEC\src\CHECKSEC\CHECKSEC.csproj]
C:\CHECKSEC\src\CHECKSEC\ViewModels\HistoryViewModel.cs(26,15): warning MVVMTK0045: The field CHECKSEC.ViewModels.HistoryViewModel._hasComparison using [ObservableProperty] will generate code that is not AOT compatible in WinRT scenarios (such as UWP XAML and WinUI 3 apps), and a partial property should be used instead (as it allows the CsWinRT generators to correctly produce the necessary WinRT marshalling code) (https://aka.ms/mvvmtoolkit/errors/mvvmtk0045) [C:\CHECKSEC\src\CHECKSEC\CHECKSEC.csproj]
C:\CHECKSEC\src\CHECKSEC\ViewModels\HistoryViewModel.cs(29,17): warning MVVMTK0045: The field CHECKSEC.ViewModels.HistoryViewModel._comparisonSummary using [ObservableProperty] will generate code that is not AOT compatible in WinRT scenarios (such as UWP XAML and WinUI 3 apps), and a partial property should be used instead (as it allows the CsWinRT generators to correctly produce the necessary WinRT marshalling code) (https://aka.ms/mvvmtoolkit/errors/mvvmtk0045) [C:\CHECKSEC\src\CHECKSEC\CHECKSEC.csproj]
C:\CHECKSEC\src\CHECKSEC\ViewModels\HistoryViewModel.cs(32,17): warning MVVMTK0045: The field CHECKSEC.ViewModels.HistoryViewModel._scoreDelta using [ObservableProperty] will generate code that is not AOT compatible in WinRT scenarios (such as UWP XAML and WinUI 3 apps), and a partial property should be used instead (as it allows the CsWinRT generators to correctly produce the necessary WinRT marshalling code) (https://aka.ms/mvvmtoolkit/errors/mvvmtk0045) [C:\CHECKSEC\src\CHECKSEC\CHECKSEC.csproj]
C:\CHECKSEC\src\CHECKSEC\ViewModels\SecureCoreViewModel.cs(16,15): warning MVVMTK0045: The field CHECKSEC.ViewModels.SecureCoreViewModel._hasResults using [ObservableProperty] will generate code that is not AOT compatible in WinRT scenarios (such as UWP XAML and WinUI 3 apps), and a partial property should be used instead (as it allows the CsWinRT generators to correctly produce the necessary WinRT marshalling code) (https://aka.ms/mvvmtoolkit/errors/mvvmtk0045) [C:\CHECKSEC\src\CHECKSEC\CHECKSEC.csproj]
C:\CHECKSEC\src\CHECKSEC\ViewModels\SecureCoreViewModel.cs(19,15): warning MVVMTK0045: The field CHECKSEC.ViewModels.SecureCoreViewModel._isLoading using [ObservableProperty] will generate code that is not AOT compatible in WinRT scenarios (such as UWP XAML and WinUI 3 apps), and a partial property should be used instead (as it allows the CsWinRT generators to correctly produce the necessary WinRT marshalling code) (https://aka.ms/mvvmtoolkit/errors/mvvmtk0045) [C:\CHECKSEC\src\CHECKSEC\CHECKSEC.csproj]
C:\CHECKSEC\src\CHECKSEC\ViewModels\ResultsViewModel.cs(21,15): warning MVVMTK0045: The field CHECKSEC.ViewModels.ResultsViewModel._hasResults using [ObservableProperty] will generate code that is not AOT compatible in WinRT scenarios (such as UWP XAML and WinUI 3 apps), and a partial property should be used instead (as it allows the CsWinRT generators to correctly produce the necessary WinRT marshalling code) (https://aka.ms/mvvmtoolkit/errors/mvvmtk0045) [C:\CHECKSEC\src\CHECKSEC\CHECKSEC.csproj]
C:\CHECKSEC\src\CHECKSEC\ViewModels\ResultsViewModel.cs(24,15): warning MVVMTK0045: The field CHECKSEC.ViewModels.ResultsViewModel._isLoading using [ObservableProperty] will generate code that is not AOT compatible in WinRT scenarios (such as UWP XAML and WinUI 3 apps), and a partial property should be used instead (as it allows the CsWinRT generators to correctly produce the necessary WinRT marshalling code) (https://aka.ms/mvvmtoolkit/errors/mvvmtk0045) [C:\CHECKSEC\src\CHECKSEC\CHECKSEC.csproj]
C:\CHECKSEC\src\CHECKSEC\ViewModels\ResultsViewModel.cs(33,14): warning MVVMTK0045: The field CHECKSEC.ViewModels.ResultsViewModel._totalCount using [ObservableProperty] will generate code that is not AOT compatible in WinRT scenarios (such as UWP XAML and WinUI 3 apps), and a partial property should be used instead (as it allows the CsWinRT generators to correctly produce the necessary WinRT marshalling code) (https://aka.ms/mvvmtoolkit/errors/mvvmtk0045) [C:\CHECKSEC\src\CHECKSEC\CHECKSEC.csproj]
C:\CHECKSEC\src\CHECKSEC\ViewModels\ResultsViewModel.cs(27,17): warning MVVMTK0045: The field CHECKSEC.ViewModels.ResultsViewModel._filterStatus using [ObservableProperty] will generate code that is not AOT compatible in WinRT scenarios (such as UWP XAML and WinUI 3 apps), and a partial property should be used instead (as it allows the CsWinRT generators to correctly produce the necessary WinRT marshalling code) (https://aka.ms/mvvmtoolkit/errors/mvvmtk0045) [C:\CHECKSEC\src\CHECKSEC\CHECKSEC.csproj]
C:\CHECKSEC\src\CHECKSEC\ViewModels\ResultsViewModel.cs(30,17): warning MVVMTK0045: The field CHECKSEC.ViewModels.ResultsViewModel._searchText using [ObservableProperty] will generate code that is not AOT compatible in WinRT scenarios (such as UWP XAML and WinUI 3 apps), and a partial property should be used instead (as it allows the CsWinRT generators to correctly produce the necessary WinRT marshalling code) (https://aka.ms/mvvmtoolkit/errors/mvvmtk0045) [C:\CHECKSEC\src\CHECKSEC\CHECKSEC.csproj]
C:\CHECKSEC\src\CHECKSEC\ViewModels\ResultsViewModel.cs(36,14): warning MVVMTK0045: The field CHECKSEC.ViewModels.ResultsViewModel._okCount using [ObservableProperty] will generate code that is not AOT compatible in WinRT scenarios (such as UWP XAML and WinUI 3 apps), and a partial property should be used instead (as it allows the CsWinRT generators to correctly produce the necessary WinRT marshalling code) (https://aka.ms/mvvmtoolkit/errors/mvvmtk0045) [C:\CHECKSEC\src\CHECKSEC\CHECKSEC.csproj]
C:\CHECKSEC\src\CHECKSEC\ViewModels\ResultsViewModel.cs(18,17): warning MVVMTK0045: The field CHECKSEC.ViewModels.ResultsViewModel._resultText using [ObservableProperty] will generate code that is not AOT compatible in WinRT scenarios (such as UWP XAML and WinUI 3 apps), and a partial property should be used instead (as it allows the CsWinRT generators to correctly produce the necessary WinRT marshalling code) (https://aka.ms/mvvmtoolkit/errors/mvvmtk0045) [C:\CHECKSEC\src\CHECKSEC\CHECKSEC.csproj]
C:\CHECKSEC\src\CHECKSEC\ViewModels\ResultsViewModel.cs(39,14): warning MVVMTK0045: The field CHECKSEC.ViewModels.ResultsViewModel._warningCount using [ObservableProperty] will generate code that is not AOT compatible in WinRT scenarios (such as UWP XAML and WinUI 3 apps), and a partial property should be used instead (as it allows the CsWinRT generators to correctly produce the necessary WinRT marshalling code) (https://aka.ms/mvvmtoolkit/errors/mvvmtk0045) [C:\CHECKSEC\src\CHECKSEC\CHECKSEC.csproj]
C:\CHECKSEC\src\CHECKSEC\ViewModels\ResultsViewModel.cs(42,14): warning MVVMTK0045: The field CHECKSEC.ViewModels.ResultsViewModel._criticalCount using [ObservableProperty] will generate code that is not AOT compatible in WinRT scenarios (such as UWP XAML and WinUI 3 apps), and a partial property should be used instead (as it allows the CsWinRT generators to correctly produce the necessary WinRT marshalling code) (https://aka.ms/mvvmtoolkit/errors/mvvmtk0045) [C:\CHECKSEC\src\CHECKSEC\CHECKSEC.csproj]
C:\CHECKSEC\src\CHECKSEC\ViewModels\ResultsViewModel.cs(45,14): warning MVVMTK0045: The field CHECKSEC.ViewModels.ResultsViewModel._errorCount using [ObservableProperty] will generate code that is not AOT compatible in WinRT scenarios (such as UWP XAML and WinUI 3 apps), and a partial property should be used instead (as it allows the CsWinRT generators to correctly produce the necessary WinRT marshalling code) (https://aka.ms/mvvmtoolkit/errors/mvvmtk0045) [C:\CHECKSEC\src\CHECKSEC\CHECKSEC.csproj]
C:\CHECKSEC\src\CHECKSEC\ViewModels\ResultsViewModel.cs(48,15): warning MVVMTK0045: The field CHECKSEC.ViewModels.ResultsViewModel._isExporting using [ObservableProperty] will generate code that is not AOT compatible in WinRT scenarios (such as UWP XAML and WinUI 3 apps), and a partial property should be used instead (as it allows the CsWinRT generators to correctly produce the necessary WinRT marshalling code) (https://aka.ms/mvvmtoolkit/errors/mvvmtk0045) [C:\CHECKSEC\src\CHECKSEC\CHECKSEC.csproj]
C:\CHECKSEC\src\CHECKSEC\ViewModels\SettingsViewModel.cs(17,17): warning MVVMTK0045: The field CHECKSEC.ViewModels.SettingsViewModel._defaultExportPath using [ObservableProperty] will generate code that is not AOT compatible in WinRT scenarios (such as UWP XAML and WinUI 3 apps), and a partial property should be used instead (as it allows the CsWinRT generators to correctly produce the necessary WinRT marshalling code) (https://aka.ms/mvvmtoolkit/errors/mvvmtk0045) [C:\CHECKSEC\src\CHECKSEC\CHECKSEC.csproj]
C:\CHECKSEC\src\CHECKSEC\ViewModels\SettingsViewModel.cs(14,17): warning MVVMTK0045: The field CHECKSEC.ViewModels.SettingsViewModel._msctToolkitPath using [ObservableProperty] will generate code that is not AOT compatible in WinRT scenarios (such as UWP XAML and WinUI 3 apps), and a partial property should be used instead (as it allows the CsWinRT generators to correctly produce the necessary WinRT marshalling code) (https://aka.ms/mvvmtoolkit/errors/mvvmtk0045) [C:\CHECKSEC\src\CHECKSEC\CHECKSEC.csproj]
C:\CHECKSEC\src\CHECKSEC\ViewModels\SettingsViewModel.cs(20,14): warning MVVMTK0045: The field CHECKSEC.ViewModels.SettingsViewModel._selectedThemeIndex using [ObservableProperty] will generate code that is not AOT compatible in WinRT scenarios (such as UWP XAML and WinUI 3 apps), and a partial property should be used instead (as it allows the CsWinRT generators to correctly produce the necessary WinRT marshalling code) (https://aka.ms/mvvmtoolkit/errors/mvvmtk0045) [C:\CHECKSEC\src\CHECKSEC\CHECKSEC.csproj]
C:\CHECKSEC\src\CHECKSEC\ViewModels\SystemInfoViewModel.cs(11,17): warning MVVMTK0045: The field CHECKSEC.ViewModels.SystemInfoViewModel._machineName using [ObservableProperty] will generate code that is not AOT compatible in WinRT scenarios (such as UWP XAML and WinUI 3 apps), and a partial property should be used instead (as it allows the CsWinRT generators to correctly produce the necessary WinRT marshalling code) (https://aka.ms/mvvmtoolkit/errors/mvvmtk0045) [C:\CHECKSEC\src\CHECKSEC\CHECKSEC.csproj]
C:\CHECKSEC\src\CHECKSEC\ViewModels\SystemInfoViewModel.cs(14,17): warning MVVMTK0045: The field CHECKSEC.ViewModels.SystemInfoViewModel._userName using [ObservableProperty] will generate code that is not AOT compatible in WinRT scenarios (such as UWP XAML and WinUI 3 apps), and a partial property should be used instead (as it allows the CsWinRT generators to correctly produce the necessary WinRT marshalling code) (https://aka.ms/mvvmtoolkit/errors/mvvmtk0045) [C:\CHECKSEC\src\CHECKSEC\CHECKSEC.csproj]
C:\CHECKSEC\src\CHECKSEC\ViewModels\SystemInfoViewModel.cs(17,17): warning MVVMTK0045: The field CHECKSEC.ViewModels.SystemInfoViewModel._osVersion using [ObservableProperty] will generate code that is not AOT compatible in WinRT scenarios (such as UWP XAML and WinUI 3 apps), and a partial property should be used instead (as it allows the CsWinRT generators to correctly produce the necessary WinRT marshalling code) (https://aka.ms/mvvmtoolkit/errors/mvvmtk0045) [C:\CHECKSEC\src\CHECKSEC\CHECKSEC.csproj]
C:\CHECKSEC\src\CHECKSEC\ViewModels\SystemInfoViewModel.cs(20,17): warning MVVMTK0045: The field CHECKSEC.ViewModels.SystemInfoViewModel._dotNetVersion using [ObservableProperty] will generate code that is not AOT compatible in WinRT scenarios (such as UWP XAML and WinUI 3 apps), and a partial property should be used instead (as it allows the CsWinRT generators to correctly produce the necessary WinRT marshalling code) (https://aka.ms/mvvmtoolkit/errors/mvvmtk0045) [C:\CHECKSEC\src\CHECKSEC\CHECKSEC.csproj]
C:\CHECKSEC\src\CHECKSEC\ViewModels\SystemInfoViewModel.cs(23,15): warning MVVMTK0045: The field CHECKSEC.ViewModels.SystemInfoViewModel._is64Bit using [ObservableProperty] will generate code that is not AOT compatible in WinRT scenarios (such as UWP XAML and WinUI 3 apps), and a partial property should be used instead (as it allows the CsWinRT generators to correctly produce the necessary WinRT marshalling code) (https://aka.ms/mvvmtoolkit/errors/mvvmtk0045) [C:\CHECKSEC\src\CHECKSEC\CHECKSEC.csproj]
C:\CHECKSEC\src\CHECKSEC\ViewModels\SystemInfoViewModel.cs(26,14): warning MVVMTK0045: The field CHECKSEC.ViewModels.SystemInfoViewModel._processorCount using [ObservableProperty] will generate code that is not AOT compatible in WinRT scenarios (such as UWP XAML and WinUI 3 apps), and a partial property should be used instead (as it allows the CsWinRT generators to correctly produce the necessary WinRT marshalling code) (https://aka.ms/mvvmtoolkit/errors/mvvmtk0045) [C:\CHECKSEC\src\CHECKSEC\CHECKSEC.csproj]
C:\CHECKSEC\src\CHECKSEC\ViewModels\SettingsViewModel.cs(23,14): warning MVVMTK0045: The field CHECKSEC.ViewModels.SettingsViewModel._analysisTimeout using [ObservableProperty] will generate code that is not AOT compatible in WinRT scenarios (such as UWP XAML and WinUI 3 apps), and a partial property should be used instead (as it allows the CsWinRT generators to correctly produce the necessary WinRT marshalling code) (https://aka.ms/mvvmtoolkit/errors/mvvmtk0045) [C:\CHECKSEC\src\CHECKSEC\CHECKSEC.csproj]
C:\CHECKSEC\src\CHECKSEC\ViewModels\SettingsViewModel.cs(26,17): warning MVVMTK0045: The field CHECKSEC.ViewModels.SettingsViewModel._csvSeparator using [ObservableProperty] will generate code that is not AOT compatible in WinRT scenarios (such as UWP XAML and WinUI 3 apps), and a partial property should be used instead (as it allows the CsWinRT generators to correctly produce the necessary WinRT marshalling code) (https://aka.ms/mvvmtoolkit/errors/mvvmtk0045) [C:\CHECKSEC\src\CHECKSEC\CHECKSEC.csproj]
C:\CHECKSEC\src\CHECKSEC\ViewModels\SettingsViewModel.cs(29,14): warning MVVMTK0045: The field CHECKSEC.ViewModels.SettingsViewModel._selectedCsvSeparatorIndex using [ObservableProperty] will generate code that is not AOT compatible in WinRT scenarios (such as UWP XAML and WinUI 3 apps), and a partial property should be used instead (as it allows the CsWinRT generators to correctly produce the necessary WinRT marshalling code) (https://aka.ms/mvvmtoolkit/errors/mvvmtk0045) [C:\CHECKSEC\src\CHECKSEC\CHECKSEC.csproj]
C:\CHECKSEC\src\CHECKSEC\ViewModels\SettingsViewModel.cs(32,15): warning MVVMTK0045: The field CHECKSEC.ViewModels.SettingsViewModel._autoExport using [ObservableProperty] will generate code that is not AOT compatible in WinRT scenarios (such as UWP XAML and WinUI 3 apps), and a partial property should be used instead (as it allows the CsWinRT generators to correctly produce the necessary WinRT marshalling code) (https://aka.ms/mvvmtoolkit/errors/mvvmtk0045) [C:\CHECKSEC\src\CHECKSEC\CHECKSEC.csproj]
C:\CHECKSEC\src\CHECKSEC\ViewModels\SettingsViewModel.cs(35,14): warning MVVMTK0045: The field CHECKSEC.ViewModels.SettingsViewModel._selectedTemplateIndex using [ObservableProperty] will generate code that is not AOT compatible in WinRT scenarios (such as UWP XAML and WinUI 3 apps), and a partial property should be used instead (as it allows the CsWinRT generators to correctly produce the necessary WinRT marshalling code) (https://aka.ms/mvvmtoolkit/errors/mvvmtk0045) [C:\CHECKSEC\src\CHECKSEC\CHECKSEC.csproj]
C:\CHECKSEC\src\CHECKSEC\ViewModels\SettingsViewModel.cs(38,17): warning MVVMTK0045: The field CHECKSEC.ViewModels.SettingsViewModel._companyName using [ObservableProperty] will generate code that is not AOT compatible in WinRT scenarios (such as UWP XAML and WinUI 3 apps), and a partial property should be used instead (as it allows the CsWinRT generators to correctly produce the necessary WinRT marshalling code) (https://aka.ms/mvvmtoolkit/errors/mvvmtk0045) [C:\CHECKSEC\src\CHECKSEC\CHECKSEC.csproj]
C:\CHECKSEC\src\CHECKSEC\ViewModels\SettingsViewModel.cs(44,17): warning MVVMTK0045: The field CHECKSEC.ViewModels.SettingsViewModel._statusMessage using [ObservableProperty] will generate code that is not AOT compatible in WinRT scenarios (such as UWP XAML and WinUI 3 apps), and a partial property should be used instead (as it allows the CsWinRT generators to correctly produce the necessary WinRT marshalling code) (https://aka.ms/mvvmtoolkit/errors/mvvmtk0045) [C:\CHECKSEC\src\CHECKSEC\CHECKSEC.csproj]
C:\CHECKSEC\src\CHECKSEC\ViewModels\SettingsViewModel.cs(41,17): warning MVVMTK0045: The field CHECKSEC.ViewModels.SettingsViewModel._reportWatermark using [ObservableProperty] will generate code that is not AOT compatible in WinRT scenarios (such as UWP XAML and WinUI 3 apps), and a partial property should be used instead (as it allows the CsWinRT generators to correctly produce the necessary WinRT marshalling code) (https://aka.ms/mvvmtoolkit/errors/mvvmtk0045) [C:\CHECKSEC\src\CHECKSEC\CHECKSEC.csproj]
  CHECKSEC -> C:\CHECKSEC\src\CHECKSEC\bin\x64\Release\net9.0-windows10.0.22621.0\win-x64\CHECKSEC.dll
  CHECKSEC -> C:\CHECKSEC\src\CHECKSEC\bin\x64\Release\net9.0-windows10.0.22621.0\win-x64\publish\

Des mises à jour de la charge de travail sont disponibles. Exécutez `dotnet workload list` pour plus d’informations.
